,name,locationStatus,timestamp,rssiOne,rssiTwo
4416,FF:FF:C0:21:F1:2B,IN_VESTIBULE,1551367495114,-87,-87
4418,FF:FF:C0:21:F1:2B,IN_VESTIBULE,1551367496025,-88,-88
4420,FF:FF:C0:21:F1:2B,IN_VESTIBULE,1551367497480,-89,-89
4422,FF:FF:C0:21:F1:2B,IN_VESTIBULE,1551367498381,-89,-89
4424,FF:FF:C0:21:F1:2B,IN_VESTIBULE,1551367499236,-91,-91
4426,FF:FF:C0:21:F1:2B,IN_VESTIBULE,1551367503102,-83,-83
4428,FF:FF:C0:21:F1:2B,IN_VESTIBULE,1551367503102,-83,-83
4430,FF:FF:C0:21:F1:2B,IN_VESTIBULE,1551367503102,-83,-83
4432,FF:FF:C0:21:F1:2B,IN_VESTIBULE,1551367503102,-83,-83
4434,FF:FF:C0:21:F1:2B,IN_VESTIBULE,1551367507349,-85,-85
4436,FF:FF:C0:21:F1:2B,IN_VESTIBULE,1551367507349,-85,-85
4438,FF:FF:C0:21:F1:2B,IN_VESTIBULE,1551367507349,-85,-85
4440,FF:FF:C0:21:F1:2B,IN_VESTIBULE,1551367507349,-85,-85
4442,FF:FF:C0:21:F1:2B,IN_VESTIBULE,1551367509706,-93,-93
4445,FF:FF:C0:21:F1:2B,IN_VESTIBULE,1551367509706,-93,-93
4448,FF:FF:C0:21:F1:2B,IN_VESTIBULE,1551367510074,-86,-86
4451,FF:FF:C0:21:F1:2B,IN_VESTIBULE,1551367511556,-94,-94
4454,FF:FF:C0:21:F1:2B,IN_VESTIBULE,1551367512082,-87,-87
4456,FF:FF:C0:21:F1:2B,IN_VESTIBULE,1551367513194,-93,-93
4457,FF:FF:C0:21:F1:2B,IN_VESTIBULE,1551367514314,-88,-88
4460,FF:FF:C0:21:F1:2B,IN_VESTIBULE,1551367515195,-80,-80
4463,FF:FF:C0:21:F1:2B,IN_VESTIBULE,1551367516076,-85,-85
4466,FF:FF:C0:21:F1:2B,IN_VESTIBULE,1551367517386,-87,-87
4469,FF:FF:C0:21:F1:2B,IN_VESTIBULE,1551367518637,-82,-82
4472,FF:FF:C0:21:F1:2B,IN_VESTIBULE,1551367519036,-77,-77
4474,FF:FF:C0:21:F1:2B,IN_VESTIBULE,1551367520149,-83,-83
4476,FF:FF:C0:21:F1:2B,IN_VESTIBULE,1551367521006,-82,-82
4478,FF:FF:C0:21:F1:2B,IN_VESTIBULE,1551367522288,-82,-82
4480,FF:FF:C0:21:F1:2B,IN_VESTIBULE,1551367523278,-88,-88
4482,FF:FF:C0:21:F1:2B,IN_VESTIBULE,1551367524163,-93,-93
4484,FF:FF:C0:21:F1:2B,IN_VESTIBULE,1551367526127,-77,-77
4486,FF:FF:C0:21:F1:2B,IN_VESTIBULE,1551367526127,-77,-77
4488,FF:FF:C0:21:F1:2B,IN_VESTIBULE,1551367527147,-77,-77
4490,FF:FF:C0:21:F1:2B,IN_VESTIBULE,1551367528020,-89,-89
4492,FF:FF:C0:21:F1:2B,IN_VESTIBULE,1551367529520,-88,-88
4494,FF:FF:C0:21:F1:2B,IN_VESTIBULE,1551367530799,-91,-91
4497,FF:FF:C0:21:F1:2B,IN_VESTIBULE,1551367532036,-86,-86
4500,FF:FF:C0:21:F1:2B,IN_VESTIBULE,1551367532036,-86,-86
4503,FF:FF:C0:21:F1:2B,IN_VESTIBULE,1551367533519,-74,-74
4506,FF:FF:C0:21:F1:2B,IN_VESTIBULE,1551367534026,-79,-79
4509,FF:FF:C0:21:F1:2B,IN_VESTIBULE,1551367535135,-89,-89
4512,FF:FF:C0:21:F1:2B,IN_VESTIBULE,1551367536394,-83,-83
4515,FF:FF:C0:21:F1:2B,IN_VESTIBULE,1551367538730,-80,-80
4518,FF:FF:C0:21:F1:2B,IN_VESTIBULE,1551367538730,-80,-80
4521,FF:FF:C0:21:F1:2B,IN_VESTIBULE,1551367539920,-82,-82
4524,FF:FF:C0:21:F1:2B,IN_VESTIBULE,1551367540078,-88,-88
4527,FF:FF:C0:21:F1:2B,IN_VESTIBULE,1551367541002,-80,-80
4530,FF:FF:C0:21:F1:2B,IN_VESTIBULE,1551367542802,-78,-78
4533,FF:FF:C0:21:F1:2B,IN_VESTIBULE,1551367543018,-72,-72
4536,FF:FF:C0:21:F1:2B,IN_VESTIBULE,1551367544057,-81,-81
4539,FF:FF:C0:21:F1:2B,IN_VESTIBULE,1551367545040,-73,-73
4542,FF:FF:C0:21:F1:2B,IN_VESTIBULE,1551367547032,-72,-72
4545,FF:FF:C0:21:F1:2B,IN_VESTIBULE,1551367547032,-72,-72
4548,FF:FF:C0:21:F1:2B,IN_VESTIBULE,1551367548091,-79,-79
4551,FF:FF:C0:21:F1:2B,IN_VESTIBULE,1551367549166,-77,-77
4554,FF:FF:C0:21:F1:2B,IN_VESTIBULE,1551367550008,-80,-80
4557,FF:FF:C0:21:F1:2B,IN_VESTIBULE,1551367551066,-67,-67
4560,FF:FF:C0:21:F1:2B,IN_VESTIBULE,1551367552017,-77,-77
4563,FF:FF:C0:21:F1:2B,IN_VESTIBULE,1551367553006,-65,-65
4566,FF:FF:C0:21:F1:2B,IN_VESTIBULE,1551367554022,-68,-68
4569,FF:FF:C0:21:F1:2B,IN_VESTIBULE,1551367555081,-74,-74
4572,FF:FF:C0:21:F1:2B,IN_VESTIBULE,1551367556015,-84,-84
4575,FF:FF:C0:21:F1:2B,IN_VESTIBULE,1551367557064,-80,-80
4578,FF:FF:C0:21:F1:2B,IN_VESTIBULE,1551367558125,-73,-73
4581,FF:FF:C0:21:F1:2B,IN_VESTIBULE,1551367559122,-77,-77
4584,FF:FF:C0:21:F1:2B,IN_VESTIBULE,1551367560006,-78,-78
4587,FF:FF:C0:21:F1:2B,IN_VESTIBULE,1551367561109,-79,-79
4590,FF:FF:C0:21:F1:2B,IN_VESTIBULE,1551367562162,-88,-88
4593,FF:FF:C0:21:F1:2B,IN_VESTIBULE,1551367563002,-77,-77
4596,FF:FF:C0:21:F1:2B,IN_VESTIBULE,1551367564099,-68,-68
4599,FF:FF:C0:21:F1:2B,IN_VESTIBULE,1551367565204,-83,-83
4602,FF:FF:C0:21:F1:2B,IN_VESTIBULE,1551367566025,-75,-75
4605,FF:FF:C0:21:F1:2B,IN_VESTIBULE,1551367567083,-80,-80
4608,FF:FF:C0:21:F1:2B,IN_VESTIBULE,1551367568230,-76,-76
4611,FF:FF:C0:21:F1:2B,IN_VESTIBULE,1551367569365,-86,-86
4614,FF:FF:C0:21:F1:2B,IN_VESTIBULE,1551367570262,-91,-91
4617,FF:FF:C0:21:F1:2B,IN_VESTIBULE,1551367571013,-82,-82
4620,FF:FF:C0:21:F1:2B,IN_VESTIBULE,1551367572246,-74,-74
4623,FF:FF:C0:21:F1:2B,IN_VESTIBULE,1551367573042,-78,-78
4626,FF:FF:C0:21:F1:2B,IN_VESTIBULE,1551367574099,-86,-86
4629,FF:FF:C0:21:F1:2B,IN_VESTIBULE,1551367575025,-89,-89
4632,FF:FF:C0:21:F1:2B,IN_VESTIBULE,1551367576070,-81,-81
4635,FF:FF:C0:21:F1:2B,IN_VESTIBULE,1551367577331,-67,-67
4638,FF:FF:C0:21:F1:2B,IN_VESTIBULE,1551367578126,-86,-86
4641,FF:FF:C0:21:F1:2B,IN_VESTIBULE,1551367579035,-67,-67
4644,FF:FF:C0:21:F1:2B,IN_VESTIBULE,1551367580290,-71,-71
4647,FF:FF:C0:21:F1:2B,IN_VESTIBULE,1551367581046,-79,-79
4650,FF:FF:C0:21:F1:2B,IN_VESTIBULE,1551367582008,-81,-81
4653,FF:FF:C0:21:F1:2B,IN_VESTIBULE,1551367583464,-83,-83
4656,FF:FF:C0:21:F1:2B,IN_VESTIBULE,1551367584148,-67,-67
4659,FF:FF:C0:21:F1:2B,IN_VESTIBULE,1551367585013,-74,-74
4662,FF:FF:C0:21:F1:2B,IN_VESTIBULE,1551367586006,-77,-77
4665,FF:FF:C0:21:F1:2B,IN_VESTIBULE,1551367587086,-80,-80
4668,FF:FF:C0:21:F1:2B,IN_VESTIBULE,1551367588433,-76,-76
4671,FF:FF:C0:21:F1:2B,IN_VESTIBULE,1551367589050,-76,-76
4674,FF:FF:C0:21:F1:2B,IN_VESTIBULE,1551367590345,-76,-76
4677,FF:FF:C0:21:F1:2B,IN_VESTIBULE,1551367591416,-76,-76
4680,FF:FF:C0:21:F1:2B,IN_VESTIBULE,1551367592410,-77,-77
4683,FF:FF:C0:21:F1:2B,IN_VESTIBULE,1551367593105,-85,-85
4686,FF:FF:C0:21:F1:2B,IN_VESTIBULE,1551367594026,-73,-73
4689,FF:FF:C0:21:F1:2B,IN_VESTIBULE,1551367595057,-74,-74
4692,FF:FF:C0:21:F1:2B,IN_VESTIBULE,1551367596249,-78,-78
4695,FF:FF:C0:21:F1:2B,IN_VESTIBULE,1551367597130,-77,-77
4698,FF:FF:C0:21:F1:2B,IN_VESTIBULE,1551367598008,-77,-77
4701,FF:FF:C0:21:F1:2B,IN_VESTIBULE,1551367599519,-89,-89
4704,FF:FF:C0:21:F1:2B,IN_VESTIBULE,1551367600088,-82,-82
4707,FF:FF:C0:21:F1:2B,IN_VESTIBULE,1551367601654,-87,-87
4710,FF:FF:C0:21:F1:2B,IN_VESTIBULE,1551367602251,-82,-82
4713,FF:FF:C0:21:F1:2B,IN_VESTIBULE,1551367603158,-85,-85
4716,FF:FF:C0:21:F1:2B,IN_VESTIBULE,1551367604026,-88,-88
4719,FF:FF:C0:21:F1:2B,IN_VESTIBULE,1551367605047,-81,-81
4722,FF:FF:C0:21:F1:2B,IN_VESTIBULE,1551367606295,-80,-80
4725,FF:FF:C0:21:F1:2B,IN_VESTIBULE,1551367607171,-81,-81
4728,FF:FF:C0:21:F1:2B,IN_VESTIBULE,1551367608053,-74,-74
4731,FF:FF:C0:21:F1:2B,IN_VESTIBULE,1551367609047,-80,-80
4734,FF:FF:C0:21:F1:2B,IN_VESTIBULE,1551367610331,-79,-79
4737,FF:FF:C0:21:F1:2B,IN_VESTIBULE,1551367611025,-79,-79
4740,FF:FF:C0:21:F1:2B,IN_VESTIBULE,1551367612719,-76,-76
4743,FF:FF:C0:21:F1:2B,IN_VESTIBULE,1551367613034,-79,-79
4746,FF:FF:C0:21:F1:2B,IN_VESTIBULE,1551367614022,-79,-79
4749,FF:FF:C0:21:F1:2B,IN_VESTIBULE,1551367615742,-80,-80
4752,FF:FF:C0:21:F1:2B,IN_VESTIBULE,1551367616364,-75,-75
4755,FF:FF:C0:21:F1:2B,IN_VESTIBULE,1551367617017,-79,-79
4758,FF:FF:C0:21:F1:2B,IN_VESTIBULE,1551367618141,-73,-73
4761,FF:FF:C0:21:F1:2B,IN_VESTIBULE,1551367619109,-84,-84
4764,FF:FF:C0:21:F1:2B,IN_VESTIBULE,1551367620201,-89,-89
4767,FF:FF:C0:21:F1:2B,IN_VESTIBULE,1551367621050,-76,-76
4770,FF:FF:C0:21:F1:2B,IN_VESTIBULE,1551367623132,-77,-77
4773,FF:FF:C0:21:F1:2B,IN_VESTIBULE,1551367623132,-77,-77
4776,FF:FF:C0:21:F1:2B,IN_VESTIBULE,1551367624034,-79,-79
4779,FF:FF:C0:21:F1:2B,IN_VESTIBULE,1551367625292,-77,-77
4782,FF:FF:C0:21:F1:2B,IN_VESTIBULE,1551367626024,-80,-80
4785,FF:FF:C0:21:F1:2B,IN_VESTIBULE,1551367627019,-76,-76
4788,FF:FF:C0:21:F1:2B,IN_VESTIBULE,1551367628333,-68,-68
4791,FF:FF:C0:21:F1:2B,IN_VESTIBULE,1551367629133,-73,-73
4794,FF:FF:C0:21:F1:2B,IN_VESTIBULE,1551367630027,-83,-83
4797,FF:FF:C0:21:F1:2B,IN_VESTIBULE,1551367631293,-77,-77
4800,FF:FF:C0:21:F1:2B,IN_VESTIBULE,1551367632100,-73,-73
4803,FF:FF:C0:21:F1:2B,IN_VESTIBULE,1551367633203,-86,-86
4806,FF:FF:C0:21:F1:2B,IN_VESTIBULE,1551367634141,-86,-86
4809,FF:FF:C0:21:F1:2B,IN_VESTIBULE,1551367635025,-89,-89
4812,FF:FF:C0:21:F1:2B,IN_VESTIBULE,1551367636217,-85,-85
4815,FF:FF:C0:21:F1:2B,IN_VESTIBULE,1551367637031,-85,-85
4818,FF:FF:C0:21:F1:2B,IN_VESTIBULE,1551367638093,-86,-86
4821,FF:FF:C0:21:F1:2B,IN_VESTIBULE,1551367640541,-74,-74
4824,FF:FF:C0:21:F1:2B,IN_VESTIBULE,1551367640541,-74,-74
4827,FF:FF:C0:21:F1:2B,IN_VESTIBULE,1551367641342,-78,-78
4830,FF:FF:C0:21:F1:2B,IN_VESTIBULE,1551367642134,-90,-90
4833,FF:FF:C0:21:F1:2B,IN_VESTIBULE,1551367643012,-89,-89
4836,FF:FF:C0:21:F1:2B,IN_VESTIBULE,1551367644300,-81,-81
4839,FF:FF:C0:21:F1:2B,IN_VESTIBULE,1551367645211,-91,-91
4842,FF:FF:C0:21:F1:2B,IN_VESTIBULE,1551367646186,-77,-77
4845,FF:FF:C0:21:F1:2B,IN_VESTIBULE,1551367647055,-86,-86
4848,FF:FF:C0:21:F1:2B,IN_VESTIBULE,1551367648400,-86,-86
4851,FF:FF:C0:21:F1:2B,IN_VESTIBULE,1551367649041,-80,-80
4854,FF:FF:C0:21:F1:2B,IN_VESTIBULE,1551367650303,-87,-87
4857,FF:FF:C0:21:F1:2B,IN_VESTIBULE,1551367651142,-88,-88
4860,FF:FF:C0:21:F1:2B,IN_VESTIBULE,1551367652424,-87,-87
4863,FF:FF:C0:21:F1:2B,IN_VESTIBULE,1551367653116,-85,-85
4866,FF:FF:C0:21:F1:2B,IN_VESTIBULE,1551367654183,-79,-79
4869,FF:FF:C0:21:F1:2B,IN_VESTIBULE,1551367655136,-86,-86
4872,FF:FF:C0:21:F1:2B,IN_VESTIBULE,1551367656024,-83,-83
4875,FF:FF:C0:21:F1:2B,IN_VESTIBULE,1551367657496,-89,-89
4878,FF:FF:C0:21:F1:2B,IN_VESTIBULE,1551367658176,-83,-83
4881,FF:FF:C0:21:F1:2B,IN_VESTIBULE,1551367660143,-80,-80
4884,FF:FF:C0:21:F1:2B,IN_VESTIBULE,1551367660143,-80,-80
4887,FF:FF:C0:21:F1:2B,IN_VESTIBULE,1551367661557,-85,-85
4890,FF:FF:C0:21:F1:2B,IN_VESTIBULE,1551367662048,-85,-85
4893,FF:FF:C0:21:F1:2B,IN_VESTIBULE,1551367663142,-85,-85
4896,FF:FF:C0:21:F1:2B,IN_VESTIBULE,1551367664378,-83,-83
4899,FF:FF:C0:21:F1:2B,IN_VESTIBULE,1551367665176,-77,-77
4902,FF:FF:C0:21:F1:2B,IN_VESTIBULE,1551367666069,-75,-75
4905,FF:FF:C0:21:F1:2B,IN_VESTIBULE,1551367667014,-83,-83
4908,FF:FF:C0:21:F1:2B,IN_VESTIBULE,1551367668097,-77,-77
4911,FF:FF:C0:21:F1:2B,IN_VESTIBULE,1551367669017,-90,-90
4914,FF:FF:C0:21:F1:2B,IN_VESTIBULE,1551367670142,-81,-81
4917,FF:FF:C0:21:F1:2B,IN_VESTIBULE,1551367671376,-85,-85
4920,FF:FF:C0:21:F1:2B,IN_VESTIBULE,1551367672065,-82,-82
4923,FF:FF:C0:21:F1:2B,IN_VESTIBULE,1551367674840,-91,-91
4926,FF:FF:C0:21:F1:2B,IN_VESTIBULE,1551367674840,-91,-91
4929,FF:FF:C0:21:F1:2B,IN_VESTIBULE,1551367675446,-78,-78
4932,FF:FF:C0:21:F1:2B,IN_VESTIBULE,1551367676139,-74,-74
4935,FF:FF:C0:21:F1:2B,IN_VESTIBULE,1551367677184,-83,-83
4938,FF:FF:C0:21:F1:2B,IN_VESTIBULE,1551367678051,-79,-79
4941,FF:FF:C0:21:F1:2B,IN_VESTIBULE,1551367679066,-76,-76
4944,FF:FF:C0:21:F1:2B,IN_VESTIBULE,1551367680149,-68,-68
4947,FF:FF:C0:21:F1:2B,IN_VESTIBULE,1551367681041,-66,-66
4950,FF:FF:C0:21:F1:2B,IN_VESTIBULE,1551367682351,-79,-79
4953,FF:FF:C0:21:F1:2B,IN_VESTIBULE,1551367683098,-76,-76
4956,FF:FF:C0:21:F1:2B,IN_VESTIBULE,1551367684633,-80,-80
4959,FF:FF:C0:21:F1:2B,IN_VESTIBULE,1551367685071,-76,-76
4962,FF:FF:C0:21:F1:2B,IN_VESTIBULE,1551367686141,-70,-70
4965,FF:FF:C0:21:F1:2B,IN_VESTIBULE,1551367687147,-68,-68
4968,FF:FF:C0:21:F1:2B,IN_VESTIBULE,1551367688266,-69,-69
4971,FF:FF:C0:21:F1:2B,IN_VESTIBULE,1551367689171,-68,-68
4974,FF:FF:C0:21:F1:2B,IN_VESTIBULE,1551367690012,-71,-71
4977,FF:FF:C0:21:F1:2B,IN_VESTIBULE,1551367691271,-71,-71
4980,FF:FF:C0:21:F1:2B,IN_VESTIBULE,1551367692388,-80,-80
4984,FF:FF:C0:21:F1:2B,IN_VESTIBULE,1551367693138,-79,-79
4988,FF:FF:C0:21:F1:2B,IN_VESTIBULE,1551367694419,-77,-77
4992,FF:FF:C0:21:F1:2B,IN_VESTIBULE,1551367695103,-72,-72
4996,FF:FF:C0:21:F1:2B,IN_VESTIBULE,1551367696185,-82,-82
5000,FF:FF:C0:21:F1:2B,IN_VESTIBULE,1551367697014,-82,-82
5004,FF:FF:C0:21:F1:2B,IN_VESTIBULE,1551367698074,-75,-75
5008,FF:FF:C0:21:F1:2B,IN_VESTIBULE,1551367699363,-70,-70
5012,FF:FF:C0:21:F1:2B,IN_VESTIBULE,1551367702497,-77,-77
5016,FF:FF:C0:21:F1:2B,IN_VESTIBULE,1551367702497,-77,-77
5020,FF:FF:C0:21:F1:2B,IN_VESTIBULE,1551367702497,-77,-77
5024,FF:FF:C0:21:F1:2B,IN_VESTIBULE,1551367703601,-84,-84
5028,FF:FF:C0:21:F1:2B,IN_VESTIBULE,1551367704080,-77,-77
5032,FF:FF:C0:21:F1:2B,IN_VESTIBULE,1551367705596,-85,-85
5036,FF:FF:C0:21:F1:2B,IN_VESTIBULE,1551367706157,-76,-76
5040,FF:FF:C0:21:F1:2B,IN_VESTIBULE,1551367707653,-81,-81
5044,FF:FF:C0:21:F1:2B,IN_VESTIBULE,1551367708098,-86,-86
5048,FF:FF:C0:21:F1:2B,IN_VESTIBULE,1551367709182,-88,-88
5052,FF:FF:C0:21:F1:2B,IN_VESTIBULE,1551367710048,-82,-82
5056,FF:FF:C0:21:F1:2B,IN_VESTIBULE,1551367711608,-81,-81
5060,FF:FF:C0:21:F1:2B,IN_VESTIBULE,1551367713057,-89,-89
5064,FF:FF:C0:21:F1:2B,IN_VESTIBULE,1551367713057,-89,-89
5068,FF:FF:C0:21:F1:2B,IN_VESTIBULE,1551367714308,-80,-80
5072,FF:FF:C0:21:F1:2B,IN_VESTIBULE,1551367715108,-90,-90
5076,FF:FF:C0:21:F1:2B,IN_VESTIBULE,1551367716587,-86,-86
5080,FF:FF:C0:21:F1:2B,IN_VESTIBULE,1551367717119,-77,-77
5084,FF:FF:C0:21:F1:2B,IN_VESTIBULE,1551367718994,-94,-94
5088,FF:FF:C0:21:F1:2B,IN_VESTIBULE,1551367719140,-93,-93
5092,FF:FF:C0:21:F1:2B,IN_VESTIBULE,1551367720022,-87,-87
5096,FF:FF:C0:21:F1:2B,IN_VESTIBULE,1551367722379,-89,-89
5100,FF:FF:C0:21:F1:2B,IN_VESTIBULE,1551367722379,-89,-89
5104,FF:FF:C0:21:F1:2B,IN_VESTIBULE,1551367723004,-85,-85
5108,FF:FF:C0:21:F1:2B,IN_VESTIBULE,1551367724335,-79,-79
5112,FF:FF:C0:21:F1:2B,IN_VESTIBULE,1551367726026,-90,-90
5116,FF:FF:C0:21:F1:2B,IN_VESTIBULE,1551367726026,-90,-90
5120,FF:FF:C0:21:F1:2B,IN_VESTIBULE,1551367727110,-88,-88
5124,FF:FF:C0:21:F1:2B,IN_VESTIBULE,1551367728100,-75,-75
5128,FF:FF:C0:21:F1:2B,IN_VESTIBULE,1551367729381,-80,-80
5132,FF:FF:C0:21:F1:2B,IN_VESTIBULE,1551367730066,-74,-74
5136,FF:FF:C0:21:F1:2B,IN_VESTIBULE,1551367731031,-80,-80
5140,FF:FF:C0:21:F1:2B,IN_VESTIBULE,1551367732428,-74,-74
5144,FF:FF:C0:21:F1:2B,IN_VESTIBULE,1551367733227,-76,-76
5148,FF:FF:C0:21:F1:2B,IN_VESTIBULE,1551367734359,-85,-85
5152,FF:FF:C0:21:F1:2B,IN_VESTIBULE,1551367735007,-84,-84
5156,FF:FF:C0:21:F1:2B,IN_VESTIBULE,1551367736294,-86,-86
5160,FF:FF:C0:21:F1:2B,IN_VESTIBULE,1551367737207,-82,-82
5164,FF:FF:C0:21:F1:2B,IN_VESTIBULE,1551367739235,-84,-84
5168,FF:FF:C0:21:F1:2B,IN_VESTIBULE,1551367739235,-84,-84
5172,FF:FF:C0:21:F1:2B,IN_VESTIBULE,1551367740117,-77,-77
5176,FF:FF:C0:21:F1:2B,IN_VESTIBULE,1551367741437,-85,-85
5180,FF:FF:C0:21:F1:2B,IN_VESTIBULE,1551367742691,-83,-83
5184,FF:FF:C0:21:F1:2B,IN_VESTIBULE,1551367743111,-82,-82
5188,FF:FF:C0:21:F1:2B,IN_VESTIBULE,1551367744144,-73,-73
5192,FF:FF:C0:21:F1:2B,IN_VESTIBULE,1551367745033,-77,-77
5196,FF:FF:C0:21:F1:2B,IN_VESTIBULE,1551367746025,-77,-77
5200,FF:FF:C0:21:F1:2B,IN_VESTIBULE,1551367747303,-74,-74
5204,FF:FF:C0:21:F1:2B,IN_VESTIBULE,1551367748383,-75,-75
5208,FF:FF:C0:21:F1:2B,IN_VESTIBULE,1551367749067,-86,-86
5212,FF:FF:C0:21:F1:2B,IN_VESTIBULE,1551367750748,-76,-76
5216,FF:FF:C0:21:F1:2B,IN_VESTIBULE,1551367751144,-80,-80
5220,FF:FF:C0:21:F1:2B,IN_VESTIBULE,1551367752231,-93,-93
5224,FF:FF:C0:21:F1:2B,IN_VESTIBULE,1551367753106,-72,-72
5228,FF:FF:C0:21:F1:2B,IN_VESTIBULE,1551367754038,-73,-73
5232,FF:FF:C0:21:F1:2B,IN_VESTIBULE,1551367755069,-65,-65
5236,FF:FF:C0:21:F1:2B,IN_VESTIBULE,1551367756620,-83,-83
5240,FF:FF:C0:21:F1:2B,IN_VESTIBULE,1551367757369,-85,-85
5244,FF:FF:C0:21:F1:2B,IN_VESTIBULE,1551367758230,-86,-86
5248,FF:FF:C0:21:F1:2B,IN_VESTIBULE,1551367759534,-88,-88
5252,FF:FF:C0:21:F1:2B,IN_VESTIBULE,1551367760250,-81,-81
5256,FF:FF:C0:21:F1:2B,IN_VESTIBULE,1551367761048,-78,-78
5260,FF:FF:C0:21:F1:2B,IN_VESTIBULE,1551367762466,-88,-88
5264,FF:FF:C0:21:F1:2B,IN_VESTIBULE,1551367763028,-88,-88
5268,FF:FF:C0:21:F1:2B,IN_VESTIBULE,1551367764233,-73,-73
5272,FF:FF:C0:21:F1:2B,IN_VESTIBULE,1551367765938,-85,-85
5276,FF:FF:C0:21:F1:2B,IN_VESTIBULE,1551367766345,-79,-79
5279,FF:FF:C0:21:F1:2B,IN_VESTIBULE,1551367767237,-82,-82
5282,FF:FF:C0:21:F1:2B,IN_VESTIBULE,1551367768150,-93,-93
5286,FF:FF:C0:21:F1:2B,IN_VESTIBULE,1551367769769,-91,-91
5290,FF:FF:C0:21:F1:2B,IN_VESTIBULE,1551367770146,-88,-88
5294,FF:FF:C0:21:F1:2B,IN_VESTIBULE,1551367771032,-91,-91
5298,FF:FF:C0:21:F1:2B,IN_VESTIBULE,1551367772508,-85,-85
5302,FF:FF:C0:21:F1:2B,IN_VESTIBULE,1551367773223,-88,-88
5306,FF:FF:C0:21:F1:2B,IN_VESTIBULE,1551367774233,-90,-90
5310,FF:FF:C0:21:F1:2B,IN_VESTIBULE,1551367775622,-84,-84
5314,FF:FF:C0:21:F1:2B,IN_VESTIBULE,1551367777627,-80,-80
5318,FF:FF:C0:21:F1:2B,IN_VESTIBULE,1551367777627,-80,-80
5322,FF:FF:C0:21:F1:2B,IN_VESTIBULE,1551367778307,-76,-76
5326,FF:FF:C0:21:F1:2B,IN_VESTIBULE,1551367779180,-71,-71
5330,FF:FF:C0:21:F1:2B,IN_VESTIBULE,1551367780003,-70,-70
5334,FF:FF:C0:21:F1:2B,IN_VESTIBULE,1551367781068,-63,-63
5338,FF:FF:C0:21:F1:2B,IN_VESTIBULE,1551367782586,-71,-71
5342,FF:FF:C0:21:F1:2B,IN_VESTIBULE,1551367783149,-85,-85
5346,FF:FF:C0:21:F1:2B,IN_VESTIBULE,1551367784311,-70,-70
5350,FF:FF:C0:21:F1:2B,IN_VESTIBULE,1551367785180,-86,-86
5354,FF:FF:C0:21:F1:2B,IN_VESTIBULE,1551367786425,-87,-87
5358,FF:FF:C0:21:F1:2B,IN_VESTIBULE,1551367787271,-83,-83
5362,FF:FF:C0:21:F1:2B,IN_VESTIBULE,1551367788068,-94,-94
5366,FF:FF:C0:21:F1:2B,IN_VESTIBULE,1551367789832,-76,-76
5370,FF:FF:C0:21:F1:2B,IN_VESTIBULE,1551367790049,-77,-77
5374,FF:FF:C0:21:F1:2B,IN_VESTIBULE,1551367791911,-85,-85
5378,FF:FF:C0:21:F1:2B,IN_VESTIBULE,1551367792112,-79,-79
5382,FF:FF:C0:21:F1:2B,IN_VESTIBULE,1551367793871,-89,-89
5386,FF:FF:C0:21:F1:2B,IN_VESTIBULE,1551367794090,-85,-85
5390,FF:FF:C0:21:F1:2B,IN_VESTIBULE,1551367795001,-73,-73
5394,FF:FF:C0:21:F1:2B,IN_VESTIBULE,1551367796009,-71,-71
5398,FF:FF:C0:21:F1:2B,IN_VESTIBULE,1551367797033,-84,-84
5402,FF:FF:C0:21:F1:2B,IN_VESTIBULE,1551367798002,-74,-74
5406,FF:FF:C0:21:F1:2B,IN_VESTIBULE,1551367799193,-74,-74
5410,FF:FF:C0:21:F1:2B,IN_VESTIBULE,1551367800105,-70,-70
5414,FF:FF:C0:21:F1:2B,IN_VESTIBULE,1551367801355,-77,-77
5418,FF:FF:C0:21:F1:2B,IN_VESTIBULE,1551367802013,-69,-69
5422,FF:FF:C0:21:F1:2B,IN_VESTIBULE,1551367803031,-71,-71
5426,FF:FF:C0:21:F1:2B,IN_VESTIBULE,1551367804110,-77,-77
5430,FF:FF:C0:21:F1:2B,IN_VESTIBULE,1551367806078,-82,-82
5434,FF:FF:C0:21:F1:2B,IN_VESTIBULE,1551367806078,-82,-82
5438,FF:FF:C0:21:F1:2B,IN_VESTIBULE,1551367807497,-77,-77
5442,FF:FF:C0:21:F1:2B,IN_VESTIBULE,1551367808201,-75,-75
5446,FF:FF:C0:21:F1:2B,IN_VESTIBULE,1551367809034,-77,-77
5450,FF:FF:C0:21:F1:2B,IN_VESTIBULE,1551367810030,-79,-79
5454,FF:FF:C0:21:F1:2B,IN_VESTIBULE,1551367811139,-81,-81
5458,FF:FF:C0:21:F1:2B,IN_VESTIBULE,1551367812068,-77,-77
5462,FF:FF:C0:21:F1:2B,IN_VESTIBULE,1551367813284,-81,-81
5466,FF:FF:C0:21:F1:2B,IN_VESTIBULE,1551367814180,-88,-88
5470,FF:FF:C0:21:F1:2B,IN_VESTIBULE,1551367815215,-88,-88
5474,FF:FF:C0:21:F1:2B,IN_VESTIBULE,1551367816031,-89,-89
5478,FF:FF:C0:21:F1:2B,IN_VESTIBULE,1551367817114,-81,-81
5482,FF:FF:C0:21:F1:2B,IN_VESTIBULE,1551367818010,-86,-86
5486,FF:FF:C0:21:F1:2B,IN_VESTIBULE,1551367820553,-85,-85
5490,FF:FF:C0:21:F1:2B,IN_VESTIBULE,1551367820553,-85,-85
5494,FF:FF:C0:21:F1:2B,IN_VESTIBULE,1551367821154,-81,-81
5498,FF:FF:C0:21:F1:2B,IN_VESTIBULE,1551367822060,-77,-77
5502,FF:FF:C0:21:F1:2B,IN_VESTIBULE,1551367823112,-71,-71
5506,FF:FF:C0:21:F1:2B,IN_VESTIBULE,1551367824116,-74,-74
5510,FF:FF:C0:21:F1:2B,IN_VESTIBULE,1551367825226,-92,-92
5514,FF:FF:C0:21:F1:2B,IN_VESTIBULE,1551367826693,-75,-75
5518,FF:FF:C0:21:F1:2B,IN_VESTIBULE,1551367827376,-80,-80
5522,FF:FF:C0:21:F1:2B,IN_VESTIBULE,1551367828018,-84,-84
5526,FF:FF:C0:21:F1:2B,IN_VESTIBULE,1551367829032,-79,-79
5530,FF:FF:C0:21:F1:2B,IN_VESTIBULE,1551367830312,-86,-86
5534,FF:FF:C0:21:F1:2B,IN_VESTIBULE,1551367831011,-87,-87
5538,FF:FF:C0:21:F1:2B,IN_VESTIBULE,1551367832273,-88,-88
5542,FF:FF:C0:21:F1:2B,IN_VESTIBULE,1551367833072,-86,-86
5546,FF:FF:C0:21:F1:2B,IN_VESTIBULE,1551367834154,-93,-93
5550,FF:FF:C0:21:F1:2B,IN_VESTIBULE,1551367835100,-88,-88
5554,FF:FF:C0:21:F1:2B,IN_VESTIBULE,1551367836113,-86,-86
5558,FF:FF:C0:21:F1:2B,IN_VESTIBULE,1551367837272,-86,-86
5562,FF:FF:C0:21:F1:2B,IN_VESTIBULE,1551367838014,-86,-86
5566,FF:FF:C0:21:F1:2B,IN_VESTIBULE,1551367839951,-89,-89
5570,FF:FF:C0:21:F1:2B,IN_VESTIBULE,1551367840408,-81,-81
5574,FF:FF:C0:21:F1:2B,IN_VESTIBULE,1551367841078,-84,-84
5578,FF:FF:C0:21:F1:2B,IN_VESTIBULE,1551367842038,-78,-78
5582,FF:FF:C0:21:F1:2B,IN_VESTIBULE,1551367843479,-73,-73
5586,FF:FF:C0:21:F1:2B,IN_VESTIBULE,1551367844193,-68,-68
5590,FF:FF:C0:21:F1:2B,IN_VESTIBULE,1551367845889,-69,-69
5594,FF:FF:C0:21:F1:2B,IN_VESTIBULE,1551367846002,-70,-70
5598,FF:FF:C0:21:F1:2B,IN_VESTIBULE,1551367847040,-77,-77
5602,FF:FF:C0:21:F1:2B,IN_VESTIBULE,1551367848058,-88,-88
5606,FF:FF:C0:21:F1:2B,IN_VESTIBULE,1551367849171,-85,-85
5610,FF:FF:C0:21:F1:2B,IN_VESTIBULE,1551367850196,-84,-84
5614,FF:FF:C0:21:F1:2B,IN_VESTIBULE,1551367851008,-83,-83
5618,FF:FF:C0:21:F1:2B,IN_VESTIBULE,1551367852327,-76,-76
5622,FF:FF:C0:21:F1:2B,IN_VESTIBULE,1551367853153,-72,-72
5626,FF:FF:C0:21:F1:2B,IN_VESTIBULE,1551367854116,-85,-85
5630,FF:FF:C0:21:F1:2B,IN_VESTIBULE,1551367855187,-83,-83
5634,FF:FF:C0:21:F1:2B,IN_VESTIBULE,1551367856120,-78,-78
5638,FF:FF:C0:21:F1:2B,IN_VESTIBULE,1551367857034,-86,-86
5642,FF:FF:C0:21:F1:2B,IN_VESTIBULE,1551367858277,-85,-85
5646,FF:FF:C0:21:F1:2B,IN_VESTIBULE,1551367859355,-74,-74
5650,FF:FF:C0:21:F1:2B,IN_VESTIBULE,1551367860050,-74,-74
5654,FF:FF:C0:21:F1:2B,IN_VESTIBULE,1551367861037,-80,-80
5658,FF:FF:C0:21:F1:2B,IN_VESTIBULE,1551367862205,-94,-94
5662,FF:FF:C0:21:F1:2B,IN_VESTIBULE,1551367863199,-85,-85
5666,FF:FF:C0:21:F1:2B,IN_VESTIBULE,1551367864094,-88,-88
5670,FF:FF:C0:21:F1:2B,IN_VESTIBULE,1551367865441,-75,-75
5674,FF:FF:C0:21:F1:2B,IN_VESTIBULE,1551367866157,-73,-73
5678,FF:FF:C0:21:F1:2B,IN_VESTIBULE,1551367867049,-76,-76
5682,FF:FF:C0:21:F1:2B,IN_VESTIBULE,1551367868127,-90,-90
5686,FF:FF:C0:21:F1:2B,IN_VESTIBULE,1551367869214,-80,-80
5690,FF:FF:C0:21:F1:2B,IN_VESTIBULE,1551367870210,-88,-88
5694,FF:FF:C0:21:F1:2B,IN_VESTIBULE,1551367871079,-72,-72
5698,FF:FF:C0:21:F1:2B,IN_VESTIBULE,1551367872020,-93,-93
5702,FF:FF:C0:21:F1:2B,IN_VESTIBULE,1551367873270,-84,-84
5706,FF:FF:C0:21:F1:2B,IN_VESTIBULE,1551367874092,-74,-74
5710,FF:FF:C0:21:F1:2B,IN_VESTIBULE,1551367875118,-94,-94
5714,FF:FF:C0:21:F1:2B,IN_VESTIBULE,1551367876002,-82,-82
5718,FF:FF:C0:21:F1:2B,IN_VESTIBULE,1551367877308,-80,-80
5722,FF:FF:C0:21:F1:2B,IN_VESTIBULE,1551367878246,-84,-84
5726,FF:FF:C0:21:F1:2B,IN_VESTIBULE,1551367879443,-91,-91
5730,FF:FF:C0:21:F1:2B,IN_VESTIBULE,1551367880476,-79,-79
5734,FF:FF:C0:21:F1:2B,IN_VESTIBULE,1551367881404,-94,-94
5738,FF:FF:C0:21:F1:2B,IN_VESTIBULE,1551367882019,-77,-77
5742,FF:FF:C0:21:F1:2B,IN_VESTIBULE,1551367883056,-75,-75
5746,FF:FF:C0:21:F1:2B,IN_VESTIBULE,1551367884078,-82,-82
5750,FF:FF:C0:21:F1:2B,IN_VESTIBULE,1551367885361,-80,-80
5754,FF:FF:C0:21:F1:2B,IN_VESTIBULE,1551367886237,-77,-77
5758,FF:FF:C0:21:F1:2B,IN_VESTIBULE,1551367887165,-76,-76
5762,FF:FF:C0:21:F1:2B,IN_VESTIBULE,1551367888141,-79,-79
5766,FF:FF:C0:21:F1:2B,IN_VESTIBULE,1551367889060,-73,-73
5770,FF:FF:C0:21:F1:2B,IN_VESTIBULE,1551367890685,-85,-85
5774,FF:FF:C0:21:F1:2B,IN_VESTIBULE,1551367891974,-77,-77
5778,FF:FF:C0:21:F1:2B,IN_VESTIBULE,1551367892480,-86,-86
5782,FF:FF:C0:21:F1:2B,IN_VESTIBULE,1551367893079,-80,-80
5786,FF:FF:C0:21:F1:2B,IN_VESTIBULE,1551367894132,-82,-82
5790,FF:FF:C0:21:F1:2B,IN_VESTIBULE,1551367895009,-78,-78
5794,FF:FF:C0:21:F1:2B,IN_VESTIBULE,1551367896130,-92,-92
5798,FF:FF:C0:21:F1:2B,IN_VESTIBULE,1551367897368,-85,-85
5802,FF:FF:C0:21:F1:2B,IN_VESTIBULE,1551367898169,-84,-84
5806,FF:FF:C0:21:F1:2B,IN_VESTIBULE,1551367899137,-75,-75
5810,FF:FF:C0:21:F1:2B,IN_VESTIBULE,1551367900150,-67,-67
5814,FF:FF:C0:21:F1:2B,IN_VESTIBULE,1551367901469,-87,-87
5818,FF:FF:C0:21:F1:2B,IN_VESTIBULE,1551367902008,-79,-79
5822,FF:FF:C0:21:F1:2B,IN_VESTIBULE,1551367903117,-73,-73
5826,FF:FF:C0:21:F1:2B,IN_VESTIBULE,1551367904630,-77,-77
5830,FF:FF:C0:21:F1:2B,IN_VESTIBULE,1551367905674,-74,-74
5834,FF:FF:C0:21:F1:2B,IN_VESTIBULE,1551367906044,-71,-71
5838,FF:FF:C0:21:F1:2B,IN_VESTIBULE,1551367907135,-77,-77
5842,FF:FF:C0:21:F1:2B,IN_VESTIBULE,1551367909522,-75,-75
5846,FF:FF:C0:21:F1:2B,IN_VESTIBULE,1551367909522,-75,-75
5850,FF:FF:C0:21:F1:2B,IN_VESTIBULE,1551367910169,-85,-85
5854,FF:FF:C0:21:F1:2B,IN_VESTIBULE,1551367911683,-86,-86
5858,FF:FF:C0:21:F1:2B,IN_VESTIBULE,1551367912052,-74,-74
5862,FF:FF:C0:21:F1:2B,IN_VESTIBULE,1551367913129,-80,-80
5866,FF:FF:C0:21:F1:2B,IN_VESTIBULE,1551367914013,-83,-83
5870,FF:FF:C0:21:F1:2B,IN_VESTIBULE,1551367916592,-77,-77
5874,FF:FF:C0:21:F1:2B,IN_VESTIBULE,1551367916592,-77,-77
5878,FF:FF:C0:21:F1:2B,IN_VESTIBULE,1551367917863,-75,-75
5882,FF:FF:C0:21:F1:2B,IN_VESTIBULE,1551367918047,-88,-88
5886,FF:FF:C0:21:F1:2B,IN_VESTIBULE,1551367919137,-85,-85
5890,FF:FF:C0:21:F1:2B,IN_VESTIBULE,1551367920409,-81,-81
5894,FF:FF:C0:21:F1:2B,IN_VESTIBULE,1551367921051,-73,-73
5898,FF:FF:C0:21:F1:2B,IN_VESTIBULE,1551367922148,-80,-80
5902,FF:FF:C0:21:F1:2B,IN_VESTIBULE,1551367923209,-78,-78
5906,FF:FF:C0:21:F1:2B,IN_VESTIBULE,1551367924002,-79,-79
5910,FF:FF:C0:21:F1:2B,IN_VESTIBULE,1551367925284,-71,-71
5914,FF:FF:C0:21:F1:2B,IN_VESTIBULE,1551367926010,-73,-73
5918,FF:FF:C0:21:F1:2B,IN_VESTIBULE,1551367927432,-79,-79
5922,FF:FF:C0:21:F1:2B,IN_VESTIBULE,1551367928091,-77,-77
5926,FF:FF:C0:21:F1:2B,IN_VESTIBULE,1551367929411,-76,-76
5930,FF:FF:C0:21:F1:2B,IN_VESTIBULE,1551367931693,-92,-92
5934,FF:FF:C0:21:F1:2B,IN_VESTIBULE,1551367931693,-92,-92
5938,FF:FF:C0:21:F1:2B,IN_VESTIBULE,1551367932557,-76,-76
5942,FF:FF:C0:21:F1:2B,IN_VESTIBULE,1551367933248,-85,-85
5946,FF:FF:C0:21:F1:2B,IN_VESTIBULE,1551367934485,-76,-76
5950,FF:FF:C0:21:F1:2B,IN_VESTIBULE,1551367935090,-86,-86
5954,FF:FF:C0:21:F1:2B,IN_VESTIBULE,1551367936034,-88,-88
5958,FF:FF:C0:21:F1:2B,IN_VESTIBULE,1551367937137,-90,-90
5962,FF:FF:C0:21:F1:2B,IN_VESTIBULE,1551367938053,-88,-88
5966,FF:FF:C0:21:F1:2B,IN_VESTIBULE,1551367939140,-82,-82
5970,FF:FF:C0:21:F1:2B,IN_VESTIBULE,1551367940041,-85,-85
5974,FF:FF:C0:21:F1:2B,IN_VESTIBULE,1551367941116,-83,-83
5978,FF:FF:C0:21:F1:2B,IN_VESTIBULE,1551367943650,-82,-82
5982,FF:FF:C0:21:F1:2B,IN_VESTIBULE,1551367943650,-82,-82
5986,FF:FF:C0:21:F1:2B,IN_VESTIBULE,1551367944051,-82,-82
5990,FF:FF:C0:21:F1:2B,IN_VESTIBULE,1551367945597,-74,-74
5994,FF:FF:C0:21:F1:2B,IN_VESTIBULE,1551367946011,-74,-74
5998,FF:FF:C0:21:F1:2B,IN_VESTIBULE,1551367947018,-82,-82
6002,FF:FF:C0:21:F1:2B,IN_VESTIBULE,1551367948302,-86,-86
6006,FF:FF:C0:21:F1:2B,IN_VESTIBULE,1551367949235,-70,-70
6010,FF:FF:C0:21:F1:2B,IN_VESTIBULE,1551367950685,-79,-79
6014,FF:FF:C0:21:F1:2B,IN_VESTIBULE,1551367951009,-86,-86
6018,FF:FF:C0:21:F1:2B,IN_VESTIBULE,1551367952813,-77,-77
6022,FF:FF:C0:21:F1:2B,IN_VESTIBULE,1551367953011,-84,-84
6026,FF:FF:C0:21:F1:2B,IN_VESTIBULE,1551367954125,-80,-80
6030,FF:FF:C0:21:F1:2B,IN_VESTIBULE,1551367955257,-80,-80
6034,FF:FF:C0:21:F1:2B,IN_VESTIBULE,1551367956046,-80,-80
6038,FF:FF:C0:21:F1:2B,IN_VESTIBULE,1551367957258,-75,-75
6042,FF:FF:C0:21:F1:2B,IN_VESTIBULE,1551367959846,-89,-89
6046,FF:FF:C0:21:F1:2B,IN_VESTIBULE,1551367959846,-89,-89
6050,FF:FF:C0:21:F1:2B,IN_VESTIBULE,1551367960321,-81,-81
6054,FF:FF:C0:21:F1:2B,IN_VESTIBULE,1551367961092,-87,-87
6058,FF:FF:C0:21:F1:2B,IN_VESTIBULE,1551367962660,-79,-79
6062,FF:FF:C0:21:F1:2B,IN_VESTIBULE,1551367964161,-84,-84
6066,FF:FF:C0:21:F1:2B,IN_VESTIBULE,1551367964161,-84,-84
6070,FF:FF:C0:21:F1:2B,IN_VESTIBULE,1551367965222,-85,-85
6074,FF:FF:C0:21:F1:2B,IN_VESTIBULE,1551367966015,-86,-86
6078,FF:FF:C0:21:F1:2B,IN_VESTIBULE,1551367967496,-77,-77
6082,FF:FF:C0:21:F1:2B,IN_VESTIBULE,1551367968019,-91,-91
6086,FF:FF:C0:21:F1:2B,IN_VESTIBULE,1551367969053,-91,-91
6090,FF:FF:C0:21:F1:2B,IN_VESTIBULE,1551367970046,-83,-83
6094,FF:FF:C0:21:F1:2B,IN_VESTIBULE,1551367971621,-83,-83
6098,FF:FF:C0:21:F1:2B,IN_VESTIBULE,1551367972041,-81,-81
6102,FF:FF:C0:21:F1:2B,IN_VESTIBULE,1551367973088,-75,-75
6106,FF:FF:C0:21:F1:2B,IN_VESTIBULE,1551367974586,-80,-80
6110,FF:FF:C0:21:F1:2B,IN_VESTIBULE,1551367975171,-78,-78
6114,FF:FF:C0:21:F1:2B,IN_VESTIBULE,1551367976050,-84,-84
6118,FF:FF:C0:21:F1:2B,IN_VESTIBULE,1551367977145,-83,-83
6122,FF:FF:C0:21:F1:2B,IN_VESTIBULE,1551367978407,-88,-88
6126,FF:FF:C0:21:F1:2B,IN_VESTIBULE,1551367979013,-89,-89
6130,FF:FF:C0:21:F1:2B,IN_VESTIBULE,1551367980321,-93,-93
6134,FF:FF:C0:21:F1:2B,IN_VESTIBULE,1551367983933,-94,-94
6138,FF:FF:C0:21:F1:2B,IN_VESTIBULE,1551367983933,-94,-94
6142,FF:FF:C0:21:F1:2B,IN_VESTIBULE,1551367983933,-94,-94
6146,FF:FF:C0:21:F1:2B,IN_VESTIBULE,1551367984292,-89,-89
6150,FF:FF:C0:21:F1:2B,IN_VESTIBULE,1551367985103,-96,-96
6154,FF:FF:C0:21:F1:2B,IN_VESTIBULE,1551367986092,-83,-83
6158,FF:FF:C0:21:F1:2B,IN_VESTIBULE,1551367987213,-85,-85
6162,FF:FF:C0:21:F1:2B,IN_VESTIBULE,1551367988002,-81,-81
6166,FF:FF:C0:21:F1:2B,IN_VESTIBULE,1551367990167,-76,-76
6170,FF:FF:C0:21:F1:2B,IN_VESTIBULE,1551367990167,-76,-76
6174,FF:FF:C0:21:F1:2B,IN_VESTIBULE,1551367991103,-83,-83
6178,FF:FF:C0:21:F1:2B,IN_VESTIBULE,1551367992121,-72,-72
6182,FF:FF:C0:21:F1:2B,IN_VESTIBULE,1551367993267,-71,-71
6186,FF:FF:C0:21:F1:2B,IN_VESTIBULE,1551367994024,-84,-84
6190,FF:FF:C0:21:F1:2B,IN_VESTIBULE,1551367995061,-77,-77
6194,FF:FF:C0:21:F1:2B,IN_VESTIBULE,1551367996007,-76,-76
6198,FF:FF:C0:21:F1:2B,IN_VESTIBULE,1551367997214,-85,-85
6202,FF:FF:C0:21:F1:2B,IN_VESTIBULE,1551367998213,-82,-82
6206,FF:FF:C0:21:F1:2B,IN_VESTIBULE,1551367999174,-80,-80
6210,FF:FF:C0:21:F1:2B,IN_VESTIBULE,1551368000053,-82,-82
6214,FF:FF:C0:21:F1:2B,IN_VESTIBULE,1551368001054,-77,-77
6218,FF:FF:C0:21:F1:2B,IN_VESTIBULE,1551368002109,-82,-82
6222,FF:FF:C0:21:F1:2B,IN_VESTIBULE,1551368003137,-78,-78
6226,FF:FF:C0:21:F1:2B,IN_VESTIBULE,1551368004301,-79,-79
6230,FF:FF:C0:21:F1:2B,IN_VESTIBULE,1551368005293,-73,-73
6234,FF:FF:C0:21:F1:2B,IN_VESTIBULE,1551368006178,-72,-72
6238,FF:FF:C0:21:F1:2B,IN_VESTIBULE,1551368007038,-73,-73
6242,FF:FF:C0:21:F1:2B,IN_VESTIBULE,1551368008098,-67,-67
6246,FF:FF:C0:21:F1:2B,IN_VESTIBULE,1551368009201,-72,-72
6250,FF:FF:C0:21:F1:2B,IN_VESTIBULE,1551368010826,-76,-76
6254,FF:FF:C0:21:F1:2B,IN_VESTIBULE,1551368011299,-77,-77
6258,FF:FF:C0:21:F1:2B,IN_VESTIBULE,1551368012102,-70,-70
6262,FF:FF:C0:21:F1:2B,IN_VESTIBULE,1551368013623,-73,-73
6266,FF:FF:C0:21:F1:2B,IN_VESTIBULE,1551368014059,-80,-80
6270,FF:FF:C0:21:F1:2B,IN_VESTIBULE,1551368015019,-74,-74
6274,FF:FF:C0:21:F1:2B,IN_VESTIBULE,1551368017022,-73,-73
6278,FF:FF:C0:21:F1:2B,IN_VESTIBULE,1551368017022,-73,-73
6282,FF:FF:C0:21:F1:2B,IN_VESTIBULE,1551368018102,-72,-72
6286,FF:FF:C0:21:F1:2B,IN_VESTIBULE,1551368019616,-76,-76
6290,FF:FF:C0:21:F1:2B,IN_VESTIBULE,1551368020469,-79,-79
6294,FF:FF:C0:21:F1:2B,IN_VESTIBULE,1551368021062,-77,-77
6298,FF:FF:C0:21:F1:2B,IN_VESTIBULE,1551368022145,-76,-76
6302,FF:FF:C0:21:F1:2B,IN_VESTIBULE,1551368023030,-72,-72
6306,FF:FF:C0:21:F1:2B,IN_VESTIBULE,1551368024122,-70,-70
6310,FF:FF:C0:21:F1:2B,IN_VESTIBULE,1551368025103,-69,-69
6314,FF:FF:C0:21:F1:2B,IN_VESTIBULE,1551368026055,-76,-76
6318,FF:FF:C0:21:F1:2B,IN_VESTIBULE,1551368027268,-93,-93
6322,FF:FF:C0:21:F1:2B,IN_VESTIBULE,1551368028156,-74,-74
6326,FF:FF:C0:21:F1:2B,IN_VESTIBULE,1551368029222,-78,-78
6330,FF:FF:C0:21:F1:2B,IN_VESTIBULE,1551368030023,-86,-86
6334,FF:FF:C0:21:F1:2B,IN_VESTIBULE,1551368031313,-71,-71
6338,FF:FF:C0:21:F1:2B,IN_VESTIBULE,1551368032466,-80,-80
6342,FF:FF:C0:21:F1:2B,IN_VESTIBULE,1551368033129,-74,-74
6346,FF:FF:C0:21:F1:2B,IN_VESTIBULE,1551368034068,-76,-76
6350,FF:FF:C0:21:F1:2B,IN_VESTIBULE,1551368035218,-79,-79
6354,FF:FF:C0:21:F1:2B,IN_VESTIBULE,1551368036029,-79,-79
6358,FF:FF:C0:21:F1:2B,IN_VESTIBULE,1551368037164,-81,-81
6362,FF:FF:C0:21:F1:2B,IN_VESTIBULE,1551368038002,-73,-73
6366,FF:FF:C0:21:F1:2B,IN_VESTIBULE,1551368039021,-70,-70
6370,FF:FF:C0:21:F1:2B,IN_VESTIBULE,1551368040560,-76,-76
6374,FF:FF:C0:21:F1:2B,IN_VESTIBULE,1551368041004,-77,-77
6378,FF:FF:C0:21:F1:2B,IN_VESTIBULE,1551368042025,-71,-71
6382,FF:FF:C0:21:F1:2B,IN_VESTIBULE,1551368043027,-68,-68
6386,FF:FF:C0:21:F1:2B,IN_VESTIBULE,1551368044109,-74,-74
6390,FF:FF:C0:21:F1:2B,IN_VESTIBULE,1551368045191,-77,-77
6394,FF:FF:C0:21:F1:2B,IN_VESTIBULE,1551368046953,-86,-86
6398,FF:FF:C0:21:F1:2B,IN_VESTIBULE,1551368047186,-80,-80
6402,FF:FF:C0:21:F1:2B,IN_VESTIBULE,1551368048291,-77,-77
6406,FF:FF:C0:21:F1:2B,IN_VESTIBULE,1551368049789,-77,-77
6410,FF:FF:C0:21:F1:2B,IN_VESTIBULE,1551368050140,-75,-75
6414,FF:FF:C0:21:F1:2B,IN_VESTIBULE,1551368051045,-77,-77
6418,FF:FF:C0:21:F1:2B,IN_VESTIBULE,1551368052079,-82,-82
6422,FF:FF:C0:21:F1:2B,IN_VESTIBULE,1551368053152,-79,-79
6426,FF:FF:C0:21:F1:2B,IN_VESTIBULE,1551368054243,-82,-82
6430,FF:FF:C0:21:F1:2B,IN_VESTIBULE,1551368055112,-82,-82
6434,FF:FF:C0:21:F1:2B,IN_VESTIBULE,1551368056177,-71,-71
6438,FF:FF:C0:21:F1:2B,IN_VESTIBULE,1551368057115,-75,-75
6442,FF:FF:C0:21:F1:2B,IN_VESTIBULE,1551368058035,-78,-78
6446,FF:FF:C0:21:F1:2B,IN_VESTIBULE,1551368059066,-83,-83
6450,FF:FF:C0:21:F1:2B,IN_VESTIBULE,1551368060584,-91,-91
6454,FF:FF:C0:21:F1:2B,IN_VESTIBULE,1551368061494,-75,-75
6458,FF:FF:C0:21:F1:2B,IN_VESTIBULE,1551368062059,-73,-73
6462,FF:FF:C0:21:F1:2B,IN_VESTIBULE,1551368063109,-86,-86
6466,FF:FF:C0:21:F1:2B,IN_VESTIBULE,1551368064204,-81,-81
6470,FF:FF:C0:21:F1:2B,IN_VESTIBULE,1551368065469,-83,-83
6474,FF:FF:C0:21:F1:2B,IN_VESTIBULE,1551368066065,-73,-73
6478,FF:FF:C0:21:F1:2B,IN_VESTIBULE,1551368067350,-84,-84
6482,FF:FF:C0:21:F1:2B,IN_VESTIBULE,1551368068034,-86,-86
6486,FF:FF:C0:21:F1:2B,IN_VESTIBULE,1551368069706,-84,-84
6490,FF:FF:C0:21:F1:2B,IN_VESTIBULE,1551368070038,-80,-80
6494,FF:FF:C0:21:F1:2B,IN_VESTIBULE,1551368071004,-78,-78
6498,FF:FF:C0:21:F1:2B,IN_VESTIBULE,1551368072479,-86,-86
6502,FF:FF:C0:21:F1:2B,IN_VESTIBULE,1551368073157,-89,-89
6506,FF:FF:C0:21:F1:2B,IN_VESTIBULE,1551368074076,-77,-77
6510,FF:FF:C0:21:F1:2B,IN_VESTIBULE,1551368075538,-91,-91
6514,FF:FF:C0:21:F1:2B,IN_VESTIBULE,1551368076346,-89,-89
6518,FF:FF:C0:21:F1:2B,IN_VESTIBULE,1551368077611,-85,-85
6522,FF:FF:C0:21:F1:2B,IN_VESTIBULE,1551368078719,-85,-85
6526,FF:FF:C0:21:F1:2B,IN_VESTIBULE,1551368079781,-89,-89
6530,FF:FF:C0:21:F1:2B,IN_VESTIBULE,1551368080021,-82,-82
6534,FF:FF:C0:21:F1:2B,IN_VESTIBULE,1551368081037,-81,-81
6538,FF:FF:C0:21:F1:2B,IN_VESTIBULE,1551368084034,-78,-78
6542,FF:FF:C0:21:F1:2B,IN_VESTIBULE,1551368084034,-78,-78
6546,FF:FF:C0:21:F1:2B,IN_VESTIBULE,1551368084034,-78,-78
6550,FF:FF:C0:21:F1:2B,IN_VESTIBULE,1551368085581,-76,-76
6554,FF:FF:C0:21:F1:2B,IN_VESTIBULE,1551368086446,-75,-75
6558,FF:FF:C0:21:F1:2B,IN_VESTIBULE,1551368087034,-80,-80
6562,FF:FF:C0:21:F1:2B,IN_VESTIBULE,1551368088179,-80,-80
6566,FF:FF:C0:21:F1:2B,IN_VESTIBULE,1551368089651,-85,-85
6570,FF:FF:C0:21:F1:2B,IN_VESTIBULE,1551368090909,-73,-73
6574,FF:FF:C0:21:F1:2B,IN_VESTIBULE,1551368091079,-78,-78
6578,FF:FF:C0:21:F1:2B,IN_VESTIBULE,1551368092784,-86,-86
6582,FF:FF:C0:21:F1:2B,IN_VESTIBULE,1551368093025,-81,-81
6586,FF:FF:C0:21:F1:2B,IN_VESTIBULE,1551368094274,-82,-82
6590,FF:FF:C0:21:F1:2B,IN_VESTIBULE,1551368095326,-86,-86
6594,FF:FF:C0:21:F1:2B,IN_VESTIBULE,1551368096228,-82,-82
6598,FF:FF:C0:21:F1:2B,IN_VESTIBULE,1551368099693,-80,-80
6602,FF:FF:C0:21:F1:2B,IN_VESTIBULE,1551368099693,-80,-80
6606,FF:FF:C0:21:F1:2B,IN_VESTIBULE,1551368099693,-80,-80
6610,FF:FF:C0:21:F1:2B,IN_VESTIBULE,1551368100284,-87,-87
6614,FF:FF:C0:21:F1:2B,IN_VESTIBULE,1551368101311,-77,-77
6618,FF:FF:C0:21:F1:2B,IN_VESTIBULE,1551368102072,-77,-77
6622,FF:FF:C0:21:F1:2B,IN_VESTIBULE,1551368103050,-78,-78
6626,FF:FF:C0:21:F1:2B,IN_VESTIBULE,1551368104273,-75,-75
6630,FF:FF:C0:21:F1:2B,IN_VESTIBULE,1551368105157,-80,-80
6634,FF:FF:C0:21:F1:2B,IN_VESTIBULE,1551368106263,-79,-79
6638,FF:FF:C0:21:F1:2B,IN_VESTIBULE,1551368107038,-88,-88
6642,FF:FF:C0:21:F1:2B,IN_VESTIBULE,1551368108639,-80,-80
6646,FF:FF:C0:21:F1:2B,IN_VESTIBULE,1551368110087,-82,-82
6650,FF:FF:C0:21:F1:2B,IN_VESTIBULE,1551368110087,-82,-82
6654,FF:FF:C0:21:F1:2B,IN_VESTIBULE,1551368111359,-71,-71
6658,FF:FF:C0:21:F1:2B,IN_VESTIBULE,1551368112439,-86,-86
6662,FF:FF:C0:21:F1:2B,IN_VESTIBULE,1551368113037,-77,-77
6666,FF:FF:C0:21:F1:2B,IN_VESTIBULE,1551368114138,-84,-84
6670,FF:FF:C0:21:F1:2B,IN_VESTIBULE,1551368115391,-81,-81
6674,FF:FF:C0:21:F1:2B,IN_VESTIBULE,1551368116302,-77,-77
6678,FF:FF:C0:21:F1:2B,IN_VESTIBULE,1551368118358,-75,-75
6682,FF:FF:C0:21:F1:2B,IN_VESTIBULE,1551368118358,-75,-75
6686,FF:FF:C0:21:F1:2B,IN_VESTIBULE,1551368119033,-81,-81
6690,FF:FF:C0:21:F1:2B,IN_VESTIBULE,1551368120915,-79,-79
6694,FF:FF:C0:21:F1:2B,IN_VESTIBULE,1551368121120,-85,-85
6698,FF:FF:C0:21:F1:2B,IN_VESTIBULE,1551368124955,-80,-80
6702,FF:FF:C0:21:F1:2B,IN_VESTIBULE,1551368124955,-80,-80
6706,FF:FF:C0:21:F1:2B,IN_VESTIBULE,1551368124955,-80,-80
6710,FF:FF:C0:21:F1:2B,IN_VESTIBULE,1551368125254,-83,-83
6714,FF:FF:C0:21:F1:2B,IN_VESTIBULE,1551368126082,-76,-76
6718,FF:FF:C0:21:F1:2B,IN_VESTIBULE,1551368127539,-83,-83
6722,FF:FF:C0:21:F1:2B,IN_VESTIBULE,1551368128034,-73,-73
6726,FF:FF:C0:21:F1:2B,IN_VESTIBULE,1551368129137,-80,-80
6730,FF:FF:C0:21:F1:2B,IN_VESTIBULE,1551368130076,-77,-77
6734,FF:FF:C0:21:F1:2B,IN_VESTIBULE,1551368131885,-89,-89
6738,FF:FF:C0:21:F1:2B,IN_VESTIBULE,1551368132125,-77,-77
6742,FF:FF:C0:21:F1:2B,IN_VESTIBULE,1551368133001,-86,-86
6746,FF:FF:C0:21:F1:2B,IN_VESTIBULE,1551368134396,-77,-77
6750,FF:FF:C0:21:F1:2B,IN_VESTIBULE,1551368135688,-76,-76
6754,FF:FF:C0:21:F1:2B,IN_VESTIBULE,1551368136072,-83,-83
6758,FF:FF:C0:21:F1:2B,IN_VESTIBULE,1551368137158,-78,-78
6762,FF:FF:C0:21:F1:2B,IN_VESTIBULE,1551368138064,-94,-94
6766,FF:FF:C0:21:F1:2B,IN_VESTIBULE,1551368140169,-81,-81
6770,FF:FF:C0:21:F1:2B,IN_VESTIBULE,1551368140169,-81,-81
6774,FF:FF:C0:21:F1:2B,IN_VESTIBULE,1551368141595,-85,-85
6778,FF:FF:C0:21:F1:2B,IN_VESTIBULE,1551368142336,-90,-90
6782,FF:FF:C0:21:F1:2B,IN_VESTIBULE,1551368143212,-81,-81
6786,FF:FF:C0:21:F1:2B,IN_VESTIBULE,1551368144029,-91,-91
6790,FF:FF:C0:21:F1:2B,IN_VESTIBULE,1551368147197,-84,-84
6794,FF:FF:C0:21:F1:2B,IN_VESTIBULE,1551368147197,-84,-84
6798,FF:FF:C0:21:F1:2B,IN_VESTIBULE,1551368147197,-84,-84
6802,FF:FF:C0:21:F1:2B,IN_VESTIBULE,1551368149083,-82,-82
6806,FF:FF:C0:21:F1:2B,IN_VESTIBULE,1551368149083,-82,-82
6810,FF:FF:C0:21:F1:2B,IN_VESTIBULE,1551368150159,-76,-76
6814,FF:FF:C0:21:F1:2B,IN_VESTIBULE,1551368151915,-94,-94
6818,FF:FF:C0:21:F1:2B,IN_VESTIBULE,1551368152116,-77,-77
6822,FF:FF:C0:21:F1:2B,IN_VESTIBULE,1551368153132,-86,-86
6826,FF:FF:C0:21:F1:2B,IN_VESTIBULE,1551368154462,-85,-85
6830,FF:FF:C0:21:F1:2B,IN_VESTIBULE,1551368155125,-83,-83
6834,FF:FF:C0:21:F1:2B,IN_VESTIBULE,1551368156014,-90,-90
6838,FF:FF:C0:21:F1:2B,IN_VESTIBULE,1551368157280,-76,-76
6842,FF:FF:C0:21:F1:2B,IN_VESTIBULE,1551368158044,-76,-76
6846,FF:FF:C0:21:F1:2B,IN_VESTIBULE,1551368159139,-83,-83
6850,FF:FF:C0:21:F1:2B,IN_VESTIBULE,1551368160447,-88,-88
6854,FF:FF:C0:21:F1:2B,IN_VESTIBULE,1551368161363,-81,-81
6858,FF:FF:C0:21:F1:2B,IN_VESTIBULE,1551368162118,-89,-89
6862,FF:FF:C0:21:F1:2B,IN_VESTIBULE,1551368163378,-85,-85
6866,FF:FF:C0:21:F1:2B,IN_VESTIBULE,1551368164038,-86,-86
6870,FF:FF:C0:21:F1:2B,IN_VESTIBULE,1551368165790,-79,-79
6874,FF:FF:C0:21:F1:2B,IN_VESTIBULE,1551368167477,-82,-82
6878,FF:FF:C0:21:F1:2B,IN_VESTIBULE,1551368167477,-82,-82
6882,FF:FF:C0:21:F1:2B,IN_VESTIBULE,1551368168285,-86,-86
6886,FF:FF:C0:21:F1:2B,IN_VESTIBULE,1551368172835,-73,-73
6890,FF:FF:C0:21:F1:2B,IN_VESTIBULE,1551368172835,-73,-73
6894,FF:FF:C0:21:F1:2B,IN_VESTIBULE,1551368172835,-73,-73
6898,FF:FF:C0:21:F1:2B,IN_VESTIBULE,1551368172835,-73,-73
6902,FF:FF:C0:21:F1:2B,IN_VESTIBULE,1551368173424,-76,-76
6906,FF:FF:C0:21:F1:2B,IN_VESTIBULE,1551368176866,-81,-81
6910,FF:FF:C0:21:F1:2B,IN_VESTIBULE,1551368176866,-81,-81
6914,FF:FF:C0:21:F1:2B,IN_VESTIBULE,1551368176866,-81,-81
6918,FF:FF:C0:21:F1:2B,IN_VESTIBULE,1551368180361,-88,-88
6922,FF:FF:C0:21:F1:2B,IN_VESTIBULE,1551368180361,-88,-88
6926,FF:FF:C0:21:F1:2B,IN_VESTIBULE,1551368180361,-88,-88
6930,FF:FF:C0:21:F1:2B,IN_VESTIBULE,1551368180361,-88,-88
6934,FF:FF:C0:21:F1:2B,IN_VESTIBULE,1551368181121,-76,-76
6937,FF:FF:C0:21:F1:2B,IN_VESTIBULE,1551368184184,-84,-84
6941,FF:FF:C0:21:F1:2B,IN_VESTIBULE,1551368184184,-84,-84
6945,FF:FF:C0:21:F1:2B,IN_VESTIBULE,1551368184184,-84,-84
6949,FF:FF:C0:21:F1:2B,IN_VESTIBULE,1551368185813,-75,-75
6953,FF:FF:C0:21:F1:2B,IN_VESTIBULE,1551368186018,-89,-89
6957,FF:FF:C0:21:F1:2B,IN_VESTIBULE,1551368187122,-86,-86
6961,FF:FF:C0:21:F1:2B,IN_VESTIBULE,1551368188043,-80,-80
6965,FF:FF:C0:21:F1:2B,IN_VESTIBULE,1551368189045,-79,-79
6969,FF:FF:C0:21:F1:2B,IN_VESTIBULE,1551368190578,-91,-91
6973,FF:FF:C0:21:F1:2B,IN_VESTIBULE,1551368191168,-90,-90
6977,FF:FF:C0:21:F1:2B,IN_VESTIBULE,1551368192927,-85,-85
6981,FF:FF:C0:21:F1:2B,IN_VESTIBULE,1551368194588,-85,-85
6985,FF:FF:C0:21:F1:2B,IN_VESTIBULE,1551368194588,-85,-85
6989,FF:FF:C0:21:F1:2B,IN_VESTIBULE,1551368198047,-83,-83
6993,FF:FF:C0:21:F1:2B,IN_VESTIBULE,1551368198047,-83,-83
6997,FF:FF:C0:21:F1:2B,IN_VESTIBULE,1551368198047,-83,-83
7001,FF:FF:C0:21:F1:2B,IN_VESTIBULE,1551368198047,-83,-83
7005,FF:FF:C0:21:F1:2B,IN_VESTIBULE,1551368199205,-93,-93
7009,FF:FF:C0:21:F1:2B,IN_VESTIBULE,1551368200284,-85,-85
7013,FF:FF:C0:21:F1:2B,IN_VESTIBULE,1551368201226,-88,-88
7017,FF:FF:C0:21:F1:2B,IN_VESTIBULE,1551368202084,-81,-81
7020,FF:FF:C0:21:F1:2B,IN_VESTIBULE,1551368203381,-83,-83
7023,FF:FF:C0:21:F1:2B,IN_VESTIBULE,1551368204350,-83,-83
7027,FF:FF:C0:21:F1:2B,IN_VESTIBULE,1551368205757,-88,-88
7031,FF:FF:C0:21:F1:2B,IN_VESTIBULE,1551368206280,-87,-87
7035,FF:FF:C0:21:F1:2B,IN_VESTIBULE,1551368207565,-88,-88
7039,FF:FF:C0:21:F1:2B,IN_VESTIBULE,1551368208163,-88,-88
7043,FF:FF:C0:21:F1:2B,IN_VESTIBULE,1551368209043,-88,-88
7047,FF:FF:C0:21:F1:2B,IN_VESTIBULE,1551368210124,-86,-86
7051,FF:FF:C0:21:F1:2B,IN_VESTIBULE,1551368211238,-83,-83
7055,FF:FF:C0:21:F1:2B,IN_VESTIBULE,1551368212053,-83,-83
7059,FF:FF:C0:21:F1:2B,IN_VESTIBULE,1551368213969,-82,-82
7063,FF:FF:C0:21:F1:2B,IN_VESTIBULE,1551368215121,-88,-88
7067,FF:FF:C0:21:F1:2B,IN_VESTIBULE,1551368215121,-88,-88
7071,FF:FF:C0:21:F1:2B,IN_VESTIBULE,1551368216344,-91,-91
7075,FF:FF:C0:21:F1:2B,IN_VESTIBULE,1551368218205,-84,-84
7079,FF:FF:C0:21:F1:2B,IN_VESTIBULE,1551368218205,-84,-84
7083,FF:FF:C0:21:F1:2B,IN_VESTIBULE,1551368221314,-85,-85
7087,FF:FF:C0:21:F1:2B,IN_VESTIBULE,1551368221314,-85,-85
7091,FF:FF:C0:21:F1:2B,IN_VESTIBULE,1551368221314,-85,-85
7095,FF:FF:C0:21:F1:2B,IN_VESTIBULE,1551368222920,-83,-83
7099,FF:FF:C0:21:F1:2B,IN_VESTIBULE,1551368223128,-91,-91
7103,FF:FF:C0:21:F1:2B,IN_VESTIBULE,1551368224014,-89,-89
7107,FF:FF:C0:21:F1:2B,IN_VESTIBULE,1551368225081,-76,-76
7111,FF:FF:C0:21:F1:2B,IN_VESTIBULE,1551368226081,-84,-84
7115,FF:FF:C0:21:F1:2B,IN_VESTIBULE,1551368227006,-81,-81
7119,FF:FF:C0:21:F1:2B,IN_VESTIBULE,1551368228044,-84,-84
7123,FF:FF:C0:21:F1:2B,IN_VESTIBULE,1551368229186,-91,-91
7127,FF:FF:C0:21:F1:2B,IN_VESTIBULE,1551368230249,-84,-84
7131,FF:FF:C0:21:F1:2B,IN_VESTIBULE,1551368231044,-75,-75
7135,FF:FF:C0:21:F1:2B,IN_VESTIBULE,1551368232085,-86,-86
7139,FF:FF:C0:21:F1:2B,IN_VESTIBULE,1551368234044,-87,-87
7143,FF:FF:C0:21:F1:2B,IN_VESTIBULE,1551368234044,-87,-87
7147,FF:FF:C0:21:F1:2B,IN_VESTIBULE,1551368235351,-85,-85
7151,FF:FF:C0:21:F1:2B,IN_VESTIBULE,1551368236376,-86,-86
7155,FF:FF:C0:21:F1:2B,IN_VESTIBULE,1551368237600,-89,-89
7159,FF:FF:C0:21:F1:2B,IN_VESTIBULE,1551368238111,-78,-78
7163,FF:FF:C0:21:F1:2B,IN_VESTIBULE,1551368239632,-80,-80
7167,FF:FF:C0:21:F1:2B,IN_VESTIBULE,1551368240443,-79,-79
7171,FF:FF:C0:21:F1:2B,IN_VESTIBULE,1551368241042,-82,-82
7175,FF:FF:C0:21:F1:2B,IN_VESTIBULE,1551368242355,-93,-93
7179,FF:FF:C0:21:F1:2B,IN_VESTIBULE,1551368243268,-90,-90
7183,FF:FF:C0:21:F1:2B,IN_VESTIBULE,1551368244058,-94,-94
7187,FF:FF:C0:21:F1:2B,IN_VESTIBULE,1551368245759,-88,-88
7191,FF:FF:C0:21:F1:2B,IN_VESTIBULE,1551368246038,-83,-83
7195,FF:FF:C0:21:F1:2B,IN_VESTIBULE,1551368247644,-77,-77
7199,FF:FF:C0:21:F1:2B,IN_VESTIBULE,1551368248118,-82,-82
7203,FF:FF:C0:21:F1:2B,IN_VESTIBULE,1551368249129,-77,-77
7207,FF:FF:C0:21:F1:2B,IN_VESTIBULE,1551368250746,-77,-77
7211,FF:FF:C0:21:F1:2B,IN_VESTIBULE,1551368254518,-80,-80
7215,FF:FF:C0:21:F1:2B,IN_VESTIBULE,1551368254518,-80,-80
7219,FF:FF:C0:21:F1:2B,IN_VESTIBULE,1551368254518,-80,-80
7223,FF:FF:C0:21:F1:2B,IN_VESTIBULE,1551368254518,-80,-80
7226,FF:FF:C0:21:F1:2B,IN_VESTIBULE,1551368255154,-79,-79
7230,FF:FF:C0:21:F1:2B,IN_VESTIBULE,1551368257280,-89,-89
7234,FF:FF:C0:21:F1:2B,IN_VESTIBULE,1551368257280,-89,-89
7238,FF:FF:C0:21:F1:2B,IN_VESTIBULE,1551368259361,-87,-87
7242,FF:FF:C0:21:F1:2B,IN_VESTIBULE,1551368259361,-87,-87
7246,FF:FF:C0:21:F1:2B,IN_VESTIBULE,1551368260481,-95,-95
7249,FF:FF:C0:21:F1:2B,IN_VESTIBULE,1551368262288,-87,-87
7252,FF:FF:C0:21:F1:2B,IN_VESTIBULE,1551368262288,-87,-87
7255,FF:FF:C0:21:F1:2B,IN_VESTIBULE,1551368263492,-80,-80
7266,FF:FF:C0:21:F1:2B,IN_VESTIBULE,1551368271431,-90,-90
7270,FF:FF:C0:21:F1:2B,IN_VESTIBULE,1551368271431,-90,-90
7274,FF:FF:C0:21:F1:2B,IN_VESTIBULE,1551368271431,-90,-90
7278,FF:FF:C0:21:F1:2B,IN_VESTIBULE,1551368271431,-90,-90
7282,FF:FF:C0:21:F1:2B,IN_VESTIBULE,1551368271431,-90,-90
7286,FF:FF:C0:21:F1:2B,IN_VESTIBULE,1551368273038,-89,-89
7290,FF:FF:C0:21:F1:2B,IN_VESTIBULE,1551368273038,-89,-89
7294,FF:FF:C0:21:F1:2B,IN_VESTIBULE,1551368275472,-89,-89
7298,FF:FF:C0:21:F1:2B,IN_VESTIBULE,1551368275472,-89,-89
7302,FF:FF:C0:21:F1:2B,IN_VESTIBULE,1551368276163,-82,-82
7306,FF:FF:C0:21:F1:2B,IN_VESTIBULE,1551368278034,-82,-82
7310,FF:FF:C0:21:F1:2B,IN_VESTIBULE,1551368278034,-82,-82
7314,FF:FF:C0:21:F1:2B,IN_VESTIBULE,1551368279075,-86,-86
7318,FF:FF:C0:21:F1:2B,IN_VESTIBULE,1551368280984,-86,-86
7322,FF:FF:C0:21:F1:2B,IN_VESTIBULE,1551368281013,-85,-85
7326,FF:FF:C0:21:F1:2B,IN_VESTIBULE,1551368282027,-96,-96
7330,FF:FF:C0:21:F1:2B,IN_VESTIBULE,1551368283685,-95,-95
7334,FF:FF:C0:21:F1:2B,IN_VESTIBULE,1551368284049,-82,-82
7338,FF:FF:C0:21:F1:2B,IN_VESTIBULE,1551368287893,-82,-82
7342,FF:FF:C0:21:F1:2B,IN_VESTIBULE,1551368287893,-82,-82
7346,FF:FF:C0:21:F1:2B,IN_VESTIBULE,1551368287893,-82,-82
7350,FF:FF:C0:21:F1:2B,IN_VESTIBULE,1551368289297,-102,-102
7354,FF:FF:C0:21:F1:2B,IN_VESTIBULE,1551368289297,-102,-102
7358,FF:FF:C0:21:F1:2B,IN_VESTIBULE,1551368291700,-89,-89
7362,FF:FF:C0:21:F1:2B,IN_VESTIBULE,1551368291700,-89,-89
7366,FF:FF:C0:21:F1:2B,IN_VESTIBULE,1551368292120,-86,-86
7370,FF:FF:C0:21:F1:2B,IN_VESTIBULE,1551368293125,-89,-89
7374,FF:FF:C0:21:F1:2B,IN_VESTIBULE,1551368294047,-93,-93
7378,FF:FF:C0:21:F1:2B,IN_VESTIBULE,1551368295008,-82,-82
7381,FF:FF:C0:21:F1:2B,IN_VESTIBULE,1551368296087,-89,-89
7385,FF:FF:C0:21:F1:2B,IN_VESTIBULE,1551368299387,-85,-85
7389,FF:FF:C0:21:F1:2B,IN_VESTIBULE,1551368299387,-85,-85
7393,FF:FF:C0:21:F1:2B,IN_VESTIBULE,1551368299387,-85,-85
7397,FF:FF:C0:21:F1:2B,IN_VESTIBULE,1551368301196,-86,-86
7401,FF:FF:C0:21:F1:2B,IN_VESTIBULE,1551368301196,-86,-86
7405,FF:FF:C0:21:F1:2B,IN_VESTIBULE,1551368302085,-87,-87
7409,FF:FF:C0:21:F1:2B,IN_VESTIBULE,1551368303034,-79,-79
7413,FF:FF:C0:21:F1:2B,IN_VESTIBULE,1551368304439,-82,-82
7417,FF:FF:C0:21:F1:2B,IN_VESTIBULE,1551368305052,-93,-93
7421,FF:FF:C0:21:F1:2B,IN_VESTIBULE,1551368306003,-85,-85
7425,FF:FF:C0:21:F1:2B,IN_VESTIBULE,1551368307209,-87,-87
7429,FF:FF:C0:21:F1:2B,IN_VESTIBULE,1551368308478,-70,-70
7433,FF:FF:C0:21:F1:2B,IN_VESTIBULE,1551368309135,-86,-86
7437,FF:FF:C0:21:F1:2B,IN_VESTIBULE,1551368310902,-80,-80
7441,FF:FF:C0:21:F1:2B,IN_VESTIBULE,1551368311075,-73,-73
7445,FF:FF:C0:21:F1:2B,IN_VESTIBULE,1551368312119,-79,-79
7449,FF:FF:C0:21:F1:2B,IN_VESTIBULE,1551368313482,-91,-91
7453,FF:FF:C0:21:F1:2B,IN_VESTIBULE,1551368316212,-89,-89
7457,FF:FF:C0:21:F1:2B,IN_VESTIBULE,1551368316212,-89,-89
7461,FF:FF:C0:21:F1:2B,IN_VESTIBULE,1551368316212,-89,-89
7465,FF:FF:C0:21:F1:2B,IN_VESTIBULE,1551368317680,-95,-95
7469,FF:FF:C0:21:F1:2B,IN_VESTIBULE,1551368318517,-85,-85
7473,FF:FF:C0:21:F1:2B,IN_VESTIBULE,1551368319115,-88,-88
7477,FF:FF:C0:21:F1:2B,IN_VESTIBULE,1551368320245,-89,-89
7481,FF:FF:C0:21:F1:2B,IN_VESTIBULE,1551368323514,-78,-78
7485,FF:FF:C0:21:F1:2B,IN_VESTIBULE,1551368323514,-78,-78
7489,FF:FF:C0:21:F1:2B,IN_VESTIBULE,1551368323514,-78,-78
7493,FF:FF:C0:21:F1:2B,IN_VESTIBULE,1551368324092,-84,-84
7497,FF:FF:C0:21:F1:2B,IN_VESTIBULE,1551368325117,-86,-86
7501,FF:FF:C0:21:F1:2B,IN_VESTIBULE,1551368327733,-76,-76
7505,FF:FF:C0:21:F1:2B,IN_VESTIBULE,1551368327733,-76,-76
7509,FF:FF:C0:21:F1:2B,IN_VESTIBULE,1551368330699,-87,-87
7513,FF:FF:C0:21:F1:2B,IN_VESTIBULE,1551368330699,-87,-87
7517,FF:FF:C0:21:F1:2B,IN_VESTIBULE,1551368330699,-87,-87
7521,FF:FF:C0:21:F1:2B,IN_VESTIBULE,1551368331519,-86,-86
7525,FF:FF:C0:21:F1:2B,IN_VESTIBULE,1551368332666,-80,-80
7529,FF:FF:C0:21:F1:2B,IN_VESTIBULE,1551368333598,-80,-80
7533,FF:FF:C0:21:F1:2B,IN_VESTIBULE,1551368334075,-79,-79
7537,FF:FF:C0:21:F1:2B,IN_VESTIBULE,1551368335364,-74,-74
7541,FF:FF:C0:21:F1:2B,IN_VESTIBULE,1551368336009,-99,-99
7545,FF:FF:C0:21:F1:2B,IN_VESTIBULE,1551368337716,-91,-91
7549,FF:FF:C0:21:F1:2B,IN_VESTIBULE,1551368338192,-90,-90
7553,FF:FF:C0:21:F1:2B,IN_VESTIBULE,1551368339287,-84,-84
7557,FF:FF:C0:21:F1:2B,IN_VESTIBULE,1551368340487,-86,-86
7561,FF:FF:C0:21:F1:2B,IN_VESTIBULE,1551368341082,-85,-85
7565,FF:FF:C0:21:F1:2B,IN_VESTIBULE,1551368342156,-91,-91
7569,FF:FF:C0:21:F1:2B,IN_VESTIBULE,1551368343064,-86,-86
7573,FF:FF:C0:21:F1:2B,IN_VESTIBULE,1551368344115,-88,-88
7577,FF:FF:C0:21:F1:2B,IN_VESTIBULE,1551368345116,-96,-96
7581,FF:FF:C0:21:F1:2B,IN_VESTIBULE,1551368346002,-80,-80
7585,FF:FF:C0:21:F1:2B,IN_VESTIBULE,1551368347073,-85,-85
7589,FF:FF:C0:21:F1:2B,IN_VESTIBULE,1551368349100,-86,-86
7593,FF:FF:C0:21:F1:2B,IN_VESTIBULE,1551368349100,-86,-86
7597,FF:FF:C0:21:F1:2B,IN_VESTIBULE,1551368350381,-92,-92
7601,FF:FF:C0:21:F1:2B,IN_VESTIBULE,1551368351551,-104,-104
7605,FF:FF:C0:21:F1:2B,IN_VESTIBULE,1551368352400,-101,-101
7609,FF:FF:C0:21:F1:2B,IN_VESTIBULE,1551368353918,-81,-81
7613,FF:FF:C0:21:F1:2B,IN_VESTIBULE,1551368354079,-79,-79
7617,FF:FF:C0:21:F1:2B,IN_VESTIBULE,1551368355442,-82,-82
7621,FF:FF:C0:21:F1:2B,IN_VESTIBULE,1551368356106,-85,-85
7625,FF:FF:C0:21:F1:2B,IN_VESTIBULE,1551368357007,-85,-85
7629,FF:FF:C0:21:F1:2B,IN_VESTIBULE,1551368358060,-92,-92
7633,FF:FF:C0:21:F1:2B,IN_VESTIBULE,1551368359036,-76,-76
7637,FF:FF:C0:21:F1:2B,IN_VESTIBULE,1551368360966,-70,-70
7641,FF:FF:C0:21:F1:2B,IN_VESTIBULE,1551368361016,-71,-71
7645,FF:FF:C0:21:F1:2B,IN_VESTIBULE,1551368362035,-84,-84
7649,FF:FF:C0:21:F1:2B,IN_VESTIBULE,1551368363181,-84,-84
7653,FF:FF:C0:21:F1:2B,IN_VESTIBULE,1551368364139,-85,-85
7657,FF:FF:C0:21:F1:2B,IN_VESTIBULE,1551368365028,-72,-72
7661,FF:FF:C0:21:F1:2B,IN_VESTIBULE,1551368366114,-82,-82
7665,FF:FF:C0:21:F1:2B,IN_VESTIBULE,1551368367162,-75,-75
7669,FF:FF:C0:21:F1:2B,IN_VESTIBULE,1551368368235,-80,-80
7673,FF:FF:C0:21:F1:2B,IN_VESTIBULE,1551368369508,-95,-95
7677,FF:FF:C0:21:F1:2B,IN_VESTIBULE,1551368370115,-80,-80
7681,FF:FF:C0:21:F1:2B,IN_VESTIBULE,1551368371472,-84,-84
7685,FF:FF:C0:21:F1:2B,IN_VESTIBULE,1551368372884,-84,-84
7689,FF:FF:C0:21:F1:2B,IN_VESTIBULE,1551368373282,-80,-80
7693,FF:FF:C0:21:F1:2B,IN_VESTIBULE,1551368374001,-85,-85
7697,FF:FF:C0:21:F1:2B,IN_VESTIBULE,1551368375287,-73,-73
7701,FF:FF:C0:21:F1:2B,IN_VESTIBULE,1551368376117,-75,-75
7705,FF:FF:C0:21:F1:2B,IN_VESTIBULE,1551368377200,-69,-69
7709,FF:FF:C0:21:F1:2B,IN_VESTIBULE,1551368378037,-71,-71
7713,FF:FF:C0:21:F1:2B,IN_VESTIBULE,1551368379279,-69,-69
7717,FF:FF:C0:21:F1:2B,IN_VESTIBULE,1551368380031,-61,-61
7721,FF:FF:C0:21:F1:2B,IN_VESTIBULE,1551368381027,-68,-68
7725,FF:FF:C0:21:F1:2B,IN_VESTIBULE,1551368382255,-77,-77
7729,FF:FF:C0:21:F1:2B,IN_VESTIBULE,1551368385155,-80,-80
7733,FF:FF:C0:21:F1:2B,IN_VESTIBULE,1551368385155,-80,-80
7737,FF:FF:C0:21:F1:2B,IN_VESTIBULE,1551368385155,-80,-80
7741,FF:FF:C0:21:F1:2B,IN_VESTIBULE,1551368387633,-66,-66
7745,FF:FF:C0:21:F1:2B,IN_VESTIBULE,1551368387633,-66,-66
7749,FF:FF:C0:21:F1:2B,IN_VESTIBULE,1551368388977,-85,-85
7753,FF:FF:C0:21:F1:2B,IN_VESTIBULE,1551368389358,-86,-86
7757,FF:FF:C0:21:F1:2B,IN_VESTIBULE,1551368390409,-70,-70
7761,FF:FF:C0:21:F1:2B,IN_VESTIBULE,1551368391064,-73,-73
7765,FF:FF:C0:21:F1:2B,IN_VESTIBULE,1551368392503,-76,-76
7769,FF:FF:C0:21:F1:2B,IN_VESTIBULE,1551368393022,-70,-70
7773,FF:FF:C0:21:F1:2B,IN_VESTIBULE,1551368394043,-74,-74
7777,FF:FF:C0:21:F1:2B,IN_VESTIBULE,1551368395044,-76,-76
7781,FF:FF:C0:21:F1:2B,IN_VESTIBULE,1551368396124,-96,-96
7785,FF:FF:C0:21:F1:2B,IN_VESTIBULE,1551368397217,-76,-76
7789,FF:FF:C0:21:F1:2B,IN_VESTIBULE,1551368398081,-86,-86
7793,FF:FF:C0:21:F1:2B,IN_VESTIBULE,1551368399163,-76,-76
7797,FF:FF:C0:21:F1:2B,IN_VESTIBULE,1551368400166,-80,-80
7801,FF:FF:C0:21:F1:2B,IN_VESTIBULE,1551368401920,-80,-80
7805,FF:FF:C0:21:F1:2B,IN_VESTIBULE,1551368403713,-87,-87
7809,FF:FF:C0:21:F1:2B,IN_VESTIBULE,1551368403713,-87,-87
7813,FF:FF:C0:21:F1:2B,IN_VESTIBULE,1551368404025,-77,-77
7817,FF:FF:C0:21:F1:2B,IN_VESTIBULE,1551368405297,-77,-77
7821,FF:FF:C0:21:F1:2B,IN_VESTIBULE,1551368406014,-82,-82
7825,FF:FF:C0:21:F1:2B,IN_VESTIBULE,1551368407888,-93,-93
7829,FF:FF:C0:21:F1:2B,IN_VESTIBULE,1551368408124,-84,-84
7833,FF:FF:C0:21:F1:2B,IN_VESTIBULE,1551368409812,-80,-80
7837,FF:FF:C0:21:F1:2B,IN_VESTIBULE,1551368410042,-83,-83
7841,FF:FF:C0:21:F1:2B,IN_VESTIBULE,1551368411301,-78,-78
7845,FF:FF:C0:21:F1:2B,IN_VESTIBULE,1551368413445,-82,-82
7849,FF:FF:C0:21:F1:2B,IN_VESTIBULE,1551368413445,-82,-82
7853,FF:FF:C0:21:F1:2B,IN_VESTIBULE,1551368414923,-76,-76
7857,FF:FF:C0:21:F1:2B,IN_VESTIBULE,1551368417131,-79,-79
7861,FF:FF:C0:21:F1:2B,IN_VESTIBULE,1551368417131,-79,-79
7865,FF:FF:C0:21:F1:2B,IN_VESTIBULE,1551368417131,-79,-79
7869,FF:FF:C0:21:F1:2B,IN_VESTIBULE,1551368418090,-73,-73
7873,FF:FF:C0:21:F1:2B,IN_VESTIBULE,1551368419005,-79,-79
7877,FF:FF:C0:21:F1:2B,IN_VESTIBULE,1551368420042,-73,-73
7881,FF:FF:C0:21:F1:2B,IN_VESTIBULE,1551368421524,-74,-74
7885,FF:FF:C0:21:F1:2B,IN_VESTIBULE,1551368422052,-85,-85
7889,FF:FF:C0:21:F1:2B,IN_VESTIBULE,1551368423362,-85,-85
7893,FF:FF:C0:21:F1:2B,IN_VESTIBULE,1551368424488,-81,-81
7897,FF:FF:C0:21:F1:2B,IN_VESTIBULE,1551368425250,-81,-81
7901,FF:FF:C0:21:F1:2B,IN_VESTIBULE,1551368426108,-74,-74
7905,FF:FF:C0:21:F1:2B,IN_VESTIBULE,1551368427044,-74,-74
7909,FF:FF:C0:21:F1:2B,IN_VESTIBULE,1551368428327,-69,-69
7913,FF:FF:C0:21:F1:2B,IN_VESTIBULE,1551368429037,-68,-68
7917,FF:FF:C0:21:F1:2B,IN_VESTIBULE,1551368432521,-74,-74
7921,FF:FF:C0:21:F1:2B,IN_VESTIBULE,1551368432521,-74,-74
7925,FF:FF:C0:21:F1:2B,IN_VESTIBULE,1551368432521,-74,-74
7929,FF:FF:C0:21:F1:2B,IN_VESTIBULE,1551368433074,-76,-76
7933,FF:FF:C0:21:F1:2B,IN_VESTIBULE,1551368435043,-75,-75
7937,FF:FF:C0:21:F1:2B,IN_VESTIBULE,1551368435043,-75,-75
7941,FF:FF:C0:21:F1:2B,IN_VESTIBULE,1551368436694,-74,-74
7945,FF:FF:C0:21:F1:2B,IN_VESTIBULE,1551368437151,-77,-77
7949,FF:FF:C0:21:F1:2B,IN_VESTIBULE,1551368438055,-78,-78
7953,FF:FF:C0:21:F1:2B,IN_VESTIBULE,1551368439046,-83,-83
7957,FF:FF:C0:21:F1:2B,IN_VESTIBULE,1551368440121,-85,-85
7961,FF:FF:C0:21:F1:2B,IN_VESTIBULE,1551368441604,-76,-76
7965,FF:FF:C0:21:F1:2B,IN_VESTIBULE,1551368442007,-77,-77
7969,FF:FF:C0:21:F1:2B,IN_VESTIBULE,1551368443081,-77,-77
7973,FF:FF:C0:21:F1:2B,IN_VESTIBULE,1551368444024,-80,-80
7977,FF:FF:C0:21:F1:2B,IN_VESTIBULE,1551368445015,-79,-79
7981,FF:FF:C0:21:F1:2B,IN_VESTIBULE,1551368446045,-82,-82
7985,FF:FF:C0:21:F1:2B,IN_VESTIBULE,1551368449549,-85,-85
7989,FF:FF:C0:21:F1:2B,IN_VESTIBULE,1551368449549,-85,-85
7993,FF:FF:C0:21:F1:2B,IN_VESTIBULE,1551368449549,-85,-85
7997,FF:FF:C0:21:F1:2B,IN_VESTIBULE,1551368450402,-91,-91
8001,FF:FF:C0:21:F1:2B,IN_VESTIBULE,1551368452452,-77,-77
8005,FF:FF:C0:21:F1:2B,IN_VESTIBULE,1551368452452,-77,-77
8009,FF:FF:C0:21:F1:2B,IN_VESTIBULE,1551368453214,-85,-85
8013,FF:FF:C0:21:F1:2B,IN_VESTIBULE,1551368454607,-74,-74
8017,FF:FF:C0:21:F1:2B,IN_VESTIBULE,1551368455687,-78,-78
8021,FF:FF:C0:21:F1:2B,IN_VESTIBULE,1551368456096,-81,-81
8025,FF:FF:C0:21:F1:2B,IN_VESTIBULE,1551368457197,-91,-91
8029,FF:FF:C0:21:F1:2B,IN_VESTIBULE,1551368458651,-81,-81
8033,FF:FF:C0:21:F1:2B,IN_VESTIBULE,1551368459747,-76,-76
8037,FF:FF:C0:21:F1:2B,IN_VESTIBULE,1551368460346,-86,-86
8041,FF:FF:C0:21:F1:2B,IN_VESTIBULE,1551368461007,-86,-86
8045,FF:FF:C0:21:F1:2B,IN_VESTIBULE,1551368462495,-82,-82
8049,FF:FF:C0:21:F1:2B,IN_VESTIBULE,1551368463164,-88,-88
8053,FF:FF:C0:21:F1:2B,IN_VESTIBULE,1551368464442,-86,-86
8057,FF:FF:C0:21:F1:2B,IN_VESTIBULE,1551368465721,-86,-86
8061,FF:FF:C0:21:F1:2B,IN_VESTIBULE,1551368466003,-88,-88
8065,FF:FF:C0:21:F1:2B,IN_VESTIBULE,1551368467405,-85,-85
8069,FF:FF:C0:21:F1:2B,IN_VESTIBULE,1551368472180,-73,-73
8073,FF:FF:C0:21:F1:2B,IN_VESTIBULE,1551368472180,-73,-73
8077,FF:FF:C0:21:F1:2B,IN_VESTIBULE,1551368472180,-73,-73
8081,FF:FF:C0:21:F1:2B,IN_VESTIBULE,1551368472180,-73,-73
8085,FF:FF:C0:21:F1:2B,IN_VESTIBULE,1551368472180,-73,-73
8089,FF:FF:C0:21:F1:2B,IN_VESTIBULE,1551368473193,-87,-87
8093,FF:FF:C0:21:F1:2B,IN_VESTIBULE,1551368474207,-74,-74
8097,FF:FF:C0:21:F1:2B,IN_VESTIBULE,1551368475854,-86,-86
8101,FF:FF:C0:21:F1:2B,IN_VESTIBULE,1551368476165,-84,-84
8108,FF:FF:C0:21:F1:2B,IN_VESTIBULE,1551368482434,-80,-80
8112,FF:FF:C0:21:F1:2B,IN_VESTIBULE,1551368482434,-80,-80
8116,FF:FF:C0:21:F1:2B,IN_VESTIBULE,1551368482434,-80,-80
8120,FF:FF:C0:21:F1:2B,IN_VESTIBULE,1551368482434,-80,-80
8124,FF:FF:C0:21:F1:2B,IN_VESTIBULE,1551368482434,-80,-80
8128,FF:FF:C0:21:F1:2B,IN_VESTIBULE,1551368483839,-79,-79
8132,FF:FF:C0:21:F1:2B,IN_VESTIBULE,1551368484917,-82,-82
8136,FF:FF:C0:21:F1:2B,IN_VESTIBULE,1551368485318,-86,-86
8140,FF:FF:C0:21:F1:2B,IN_VESTIBULE,1551368486889,-91,-91
8144,FF:FF:C0:21:F1:2B,IN_VESTIBULE,1551368487358,-88,-88
8148,FF:FF:C0:21:F1:2B,IN_VESTIBULE,1551368488481,-83,-83
8152,FF:FF:C0:21:F1:2B,IN_VESTIBULE,1551368489051,-82,-82
8156,FF:FF:C0:21:F1:2B,IN_VESTIBULE,1551368490097,-88,-88
8160,FF:FF:C0:21:F1:2B,IN_VESTIBULE,1551368491182,-91,-91
8164,FF:FF:C0:21:F1:2B,IN_VESTIBULE,1551368492191,-83,-83
8168,FF:FF:C0:21:F1:2B,IN_VESTIBULE,1551368493658,-85,-85
8172,FF:FF:C0:21:F1:2B,IN_VESTIBULE,1551368494714,-83,-83
8176,FF:FF:C0:21:F1:2B,IN_VESTIBULE,1551368495216,-84,-84
8180,FF:FF:C0:21:F1:2B,IN_VESTIBULE,1551368496001,-88,-88
8184,FF:FF:C0:21:F1:2B,IN_VESTIBULE,1551368497117,-86,-86
8188,FF:FF:C0:21:F1:2B,IN_VESTIBULE,1551368498118,-91,-91
8192,FF:FF:C0:21:F1:2B,IN_VESTIBULE,1551368499044,-86,-86
8196,FF:FF:C0:21:F1:2B,IN_VESTIBULE,1551368500157,-94,-94
8200,FF:FF:C0:21:F1:2B,IN_VESTIBULE,1551368501107,-87,-87
8204,FF:FF:C0:21:F1:2B,IN_VESTIBULE,1551368502615,-84,-84
8208,FF:FF:C0:21:F1:2B,IN_VESTIBULE,1551368503081,-86,-86
8212,FF:FF:C0:21:F1:2B,IN_VESTIBULE,1551368504213,-88,-88
8216,FF:FF:C0:21:F1:2B,IN_VESTIBULE,1551368505008,-92,-92
8220,FF:FF:C0:21:F1:2B,IN_VESTIBULE,1551368506196,-80,-80
8224,FF:FF:C0:21:F1:2B,IN_VESTIBULE,1551368507284,-78,-78
8228,FF:FF:C0:21:F1:2B,IN_VESTIBULE,1551368509319,-91,-91
8232,FF:FF:C0:21:F1:2B,IN_VESTIBULE,1551368509319,-91,-91
8236,FF:FF:C0:21:F1:2B,IN_VESTIBULE,1551368510727,-93,-93
8240,FF:FF:C0:21:F1:2B,IN_VESTIBULE,1551368511009,-95,-95
8244,FF:FF:C0:21:F1:2B,IN_VESTIBULE,1551368512201,-82,-82
8248,FF:FF:C0:21:F1:2B,IN_VESTIBULE,1551368513285,-88,-88
8252,FF:FF:C0:21:F1:2B,IN_VESTIBULE,1551368514768,-85,-85
8256,FF:FF:C0:21:F1:2B,IN_VESTIBULE,1551368515381,-86,-86
8260,FF:FF:C0:21:F1:2B,IN_VESTIBULE,1551368516044,-85,-85
8264,FF:FF:C0:21:F1:2B,IN_VESTIBULE,1551368517179,-86,-86
8268,FF:FF:C0:21:F1:2B,IN_VESTIBULE,1551368518261,-83,-83
8272,FF:FF:C0:21:F1:2B,IN_VESTIBULE,1551368519009,-73,-73
8276,FF:FF:C0:21:F1:2B,IN_VESTIBULE,1551368520122,-74,-74
8280,FF:FF:C0:21:F1:2B,IN_VESTIBULE,1551368521014,-77,-77
8284,FF:FF:C0:21:F1:2B,IN_VESTIBULE,1551368522040,-80,-80
8288,FF:FF:C0:21:F1:2B,IN_VESTIBULE,1551368523052,-84,-84
8292,FF:FF:C0:21:F1:2B,IN_VESTIBULE,1551368524147,-82,-82
8296,FF:FF:C0:21:F1:2B,IN_VESTIBULE,1551368525200,-86,-86
8300,FF:FF:C0:21:F1:2B,IN_VESTIBULE,1551368526483,-80,-80
8304,FF:FF:C0:21:F1:2B,IN_VESTIBULE,1551368527204,-86,-86
8308,FF:FF:C0:21:F1:2B,IN_VESTIBULE,1551368528026,-88,-88
8312,FF:FF:C0:21:F1:2B,IN_VESTIBULE,1551368531455,-82,-82
8316,FF:FF:C0:21:F1:2B,IN_VESTIBULE,1551368531455,-82,-82
8320,FF:FF:C0:21:F1:2B,IN_VESTIBULE,1551368531455,-82,-82
8324,FF:FF:C0:21:F1:2B,IN_VESTIBULE,1551368532005,-85,-85
8328,FF:FF:C0:21:F1:2B,IN_VESTIBULE,1551368534414,-74,-74
8332,FF:FF:C0:21:F1:2B,IN_VESTIBULE,1551368534414,-74,-74
8336,FF:FF:C0:21:F1:2B,IN_VESTIBULE,1551368535083,-76,-76
8340,FF:FF:C0:21:F1:2B,IN_VESTIBULE,1551368536178,-88,-88
8344,FF:FF:C0:21:F1:2B,IN_VESTIBULE,1551368538880,-80,-80
8348,FF:FF:C0:21:F1:2B,IN_VESTIBULE,1551368538880,-80,-80
8352,FF:FF:C0:21:F1:2B,IN_VESTIBULE,1551368539083,-68,-68
8356,FF:FF:C0:21:F1:2B,IN_VESTIBULE,1551368542576,-75,-75
8360,FF:FF:C0:21:F1:2B,IN_VESTIBULE,1551368542576,-75,-75
8364,FF:FF:C0:21:F1:2B,IN_VESTIBULE,1551368542576,-75,-75
8368,FF:FF:C0:21:F1:2B,IN_VESTIBULE,1551368544603,-73,-73
8372,FF:FF:C0:21:F1:2B,IN_VESTIBULE,1551368544603,-73,-73
8376,FF:FF:C0:21:F1:2B,IN_VESTIBULE,1551368546235,-90,-90
8380,FF:FF:C0:21:F1:2B,IN_VESTIBULE,1551368546235,-90,-90
8384,FF:FF:C0:21:F1:2B,IN_VESTIBULE,1551368547711,-75,-75
8388,FF:FF:C0:21:F1:2B,IN_VESTIBULE,1551368549330,-94,-94
8392,FF:FF:C0:21:F1:2B,IN_VESTIBULE,1551368549330,-94,-94
8396,FF:FF:C0:21:F1:2B,IN_VESTIBULE,1551368550002,-87,-87
8400,FF:FF:C0:21:F1:2B,IN_VESTIBULE,1551368551250,-79,-79
8404,FF:FF:C0:21:F1:2B,IN_VESTIBULE,1551368552624,-94,-94
8408,FF:FF:C0:21:F1:2B,IN_VESTIBULE,1551368554492,-82,-82
8412,FF:FF:C0:21:F1:2B,IN_VESTIBULE,1551368554492,-82,-82
8416,FF:FF:C0:21:F1:2B,IN_VESTIBULE,1551368555797,-88,-88
8420,FF:FF:C0:21:F1:2B,IN_VESTIBULE,1551368556151,-90,-90
8424,FF:FF:C0:21:F1:2B,IN_VESTIBULE,1551368557622,-83,-83
8428,FF:FF:C0:21:F1:2B,IN_VESTIBULE,1551368558482,-77,-77
8432,FF:FF:C0:21:F1:2B,IN_VESTIBULE,1551368559967,-88,-88
8436,FF:FF:C0:21:F1:2B,IN_VESTIBULE,1551368560029,-78,-78
8440,FF:FF:C0:21:F1:2B,IN_VESTIBULE,1551368561789,-85,-85
8444,FF:FF:C0:21:F1:2B,IN_VESTIBULE,1551368562353,-93,-93
8448,FF:FF:C0:21:F1:2B,IN_VESTIBULE,1551368563815,-86,-86
8452,FF:FF:C0:21:F1:2B,IN_VESTIBULE,1551368564340,-88,-88
8456,FF:FF:C0:21:F1:2B,IN_VESTIBULE,1551368565307,-86,-86
8460,FF:FF:C0:21:F1:2B,IN_VESTIBULE,1551368566719,-83,-83
8464,FF:FF:C0:21:F1:2B,IN_VESTIBULE,1551368567041,-88,-88
8468,FF:FF:C0:21:F1:2B,IN_VESTIBULE,1551368568393,-83,-83
8472,FF:FF:C0:21:F1:2B,IN_VESTIBULE,1551368569640,-91,-91
8476,FF:FF:C0:21:F1:2B,IN_VESTIBULE,1551368570009,-88,-88
8480,FF:FF:C0:21:F1:2B,IN_VESTIBULE,1551368571172,-83,-83
8484,FF:FF:C0:21:F1:2B,IN_VESTIBULE,1551368572011,-86,-86
8488,FF:FF:C0:21:F1:2B,IN_VESTIBULE,1551368573033,-82,-82
8492,FF:FF:C0:21:F1:2B,IN_VESTIBULE,1551368574243,-87,-87
8496,FF:FF:C0:21:F1:2B,IN_VESTIBULE,1551368575375,-83,-83
8500,FF:FF:C0:21:F1:2B,IN_VESTIBULE,1551368576253,-88,-88
8504,FF:FF:C0:21:F1:2B,IN_VESTIBULE,1551368577719,-83,-83
8508,FF:FF:C0:21:F1:2B,IN_VESTIBULE,1551368578085,-88,-88
8512,FF:FF:C0:21:F1:2B,IN_VESTIBULE,1551368579015,-87,-87
8516,FF:FF:C0:21:F1:2B,IN_VESTIBULE,1551368580109,-83,-83
8520,FF:FF:C0:21:F1:2B,IN_VESTIBULE,1551368581121,-71,-71
8524,FF:FF:C0:21:F1:2B,IN_VESTIBULE,1551368586264,-84,-84
8528,FF:FF:C0:21:F1:2B,IN_VESTIBULE,1551368586264,-84,-84
8532,FF:FF:C0:21:F1:2B,IN_VESTIBULE,1551368586264,-84,-84
8536,FF:FF:C0:21:F1:2B,IN_VESTIBULE,1551368586264,-84,-84
8540,FF:FF:C0:21:F1:2B,IN_VESTIBULE,1551368586264,-84,-84
8544,FF:FF:C0:21:F1:2B,IN_VESTIBULE,1551368587953,-86,-86
8548,FF:FF:C0:21:F1:2B,IN_VESTIBULE,1551368588146,-80,-80
8552,FF:FF:C0:21:F1:2B,IN_VESTIBULE,1551368589004,-78,-78
8556,FF:FF:C0:21:F1:2B,IN_VESTIBULE,1551368590337,-79,-79
8560,FF:FF:C0:21:F1:2B,IN_VESTIBULE,1551368591372,-78,-78
8564,FF:FF:C0:21:F1:2B,IN_VESTIBULE,1551368592176,-83,-83
8568,FF:FF:C0:21:F1:2B,IN_VESTIBULE,1551368593331,-89,-89
8572,FF:FF:C0:21:F1:2B,IN_VESTIBULE,1551368594371,-89,-89
8576,FF:FF:C0:21:F1:2B,IN_VESTIBULE,1551368595432,-88,-88
8580,FF:FF:C0:21:F1:2B,IN_VESTIBULE,1551368596009,-85,-85
8584,FF:FF:C0:21:F1:2B,IN_VESTIBULE,1551368597296,-86,-86
8588,FF:FF:C0:21:F1:2B,IN_VESTIBULE,1551368598237,-86,-86
8592,FF:FF:C0:21:F1:2B,IN_VESTIBULE,1551368599442,-76,-76
8596,FF:FF:C0:21:F1:2B,IN_VESTIBULE,1551368600003,-85,-85
8600,FF:FF:C0:21:F1:2B,IN_VESTIBULE,1551368601400,-84,-84
8604,FF:FF:C0:21:F1:2B,IN_VESTIBULE,1551368602683,-78,-78
8608,FF:FF:C0:21:F1:2B,IN_VESTIBULE,1551368603136,-96,-96
8612,FF:FF:C0:21:F1:2B,IN_VESTIBULE,1551368605511,-74,-74
8616,FF:FF:C0:21:F1:2B,IN_VESTIBULE,1551368605511,-74,-74
8620,FF:FF:C0:21:F1:2B,IN_VESTIBULE,1551368607524,-77,-77
8624,FF:FF:C0:21:F1:2B,IN_VESTIBULE,1551368607524,-77,-77
8628,FF:FF:C0:21:F1:2B,IN_VESTIBULE,1551368608265,-97,-97
8632,FF:FF:C0:21:F1:2B,IN_VESTIBULE,1551368609077,-91,-91
8636,FF:FF:C0:21:F1:2B,IN_VESTIBULE,1551368612515,-84,-84
8640,FF:FF:C0:21:F1:2B,IN_VESTIBULE,1551368612515,-84,-84
8644,FF:FF:C0:21:F1:2B,IN_VESTIBULE,1551368612515,-84,-84
8648,FF:FF:C0:21:F1:2B,IN_VESTIBULE,1551368617844,-92,-92
8652,FF:FF:C0:21:F1:2B,IN_VESTIBULE,1551368617844,-92,-92
8656,FF:FF:C0:21:F1:2B,IN_VESTIBULE,1551368617844,-92,-92
8660,FF:FF:C0:21:F1:2B,IN_VESTIBULE,1551368617844,-92,-92
8664,FF:FF:C0:21:F1:2B,IN_VESTIBULE,1551368617844,-92,-92
8668,FF:FF:C0:21:F1:2B,IN_VESTIBULE,1551368618099,-84,-84
8672,FF:FF:C0:21:F1:2B,IN_VESTIBULE,1551368619121,-86,-86
8676,FF:FF:C0:21:F1:2B,IN_VESTIBULE,1551368620119,-89,-89
8680,FF:FF:C0:21:F1:2B,IN_VESTIBULE,1551368621427,-86,-86
8684,FF:FF:C0:21:F1:2B,IN_VESTIBULE,1551368622316,-92,-92
8688,FF:FF:C0:21:F1:2B,IN_VESTIBULE,1551368623251,-88,-88
8692,FF:FF:C0:21:F1:2B,IN_VESTIBULE,1551368624183,-84,-84
8696,FF:FF:C0:21:F1:2B,IN_VESTIBULE,1551368625927,-89,-89
8700,FF:FF:C0:21:F1:2B,IN_VESTIBULE,1551368626123,-83,-83
8704,FF:FF:C0:21:F1:2B,IN_VESTIBULE,1551368627016,-89,-89
8708,FF:FF:C0:21:F1:2B,IN_VESTIBULE,1551368631666,-88,-88
8712,FF:FF:C0:21:F1:2B,IN_VESTIBULE,1551368631666,-88,-88
8716,FF:FF:C0:21:F1:2B,IN_VESTIBULE,1551368631666,-88,-88
8720,FF:FF:C0:21:F1:2B,IN_VESTIBULE,1551368631666,-88,-88
8724,FF:FF:C0:21:F1:2B,IN_VESTIBULE,1551368632593,-76,-76
8728,FF:FF:C0:21:F1:2B,IN_VESTIBULE,1551368633197,-83,-83
8732,FF:FF:C0:21:F1:2B,IN_VESTIBULE,1551368634261,-90,-90
8736,FF:FF:C0:21:F1:2B,IN_VESTIBULE,1551368635508,-90,-90
8740,FF:FF:C0:21:F1:2B,IN_VESTIBULE,1551368636045,-86,-86
8744,FF:FF:C0:21:F1:2B,IN_VESTIBULE,1551368637308,-87,-87
8748,FF:FF:C0:21:F1:2B,IN_VESTIBULE,1551368638063,-76,-76
8752,FF:FF:C0:21:F1:2B,IN_VESTIBULE,1551368639799,-76,-76
8756,FF:FF:C0:21:F1:2B,IN_VESTIBULE,1551368640236,-90,-90
8759,FF:FF:C0:21:F1:2B,IN_VESTIBULE,1551368641315,-90,-90
8762,FF:FF:C0:21:F1:2B,IN_VESTIBULE,1551368642097,-84,-84
8765,FF:FF:C0:21:F1:2B,IN_VESTIBULE,1551368643165,-87,-87
8768,FF:FF:C0:21:F1:2B,IN_VESTIBULE,1551368644059,-86,-86
8771,FF:FF:C0:21:F1:2B,IN_VESTIBULE,1551368645337,-84,-84
8774,FF:FF:C0:21:F1:2B,IN_VESTIBULE,1551368647523,-84,-84
8777,FF:FF:C0:21:F1:2B,IN_VESTIBULE,1551368647523,-84,-84
8780,FF:FF:C0:21:F1:2B,IN_VESTIBULE,1551368648137,-86,-86
8783,FF:FF:C0:21:F1:2B,IN_VESTIBULE,1551368649188,-77,-77
8786,FF:FF:C0:21:F1:2B,IN_VESTIBULE,1551368650040,-68,-68
8790,FF:FF:C0:21:F1:2B,IN_VESTIBULE,1551368651365,-80,-80
8794,FF:FF:C0:21:F1:2B,IN_VESTIBULE,1551368652152,-77,-77
8798,FF:FF:C0:21:F1:2B,IN_VESTIBULE,1551368653074,-79,-79
8802,FF:FF:C0:21:F1:2B,IN_VESTIBULE,1551368655209,-74,-74
8806,FF:FF:C0:21:F1:2B,IN_VESTIBULE,1551368655209,-74,-74
8810,FF:FF:C0:21:F1:2B,IN_VESTIBULE,1551368659207,-77,-77
8814,FF:FF:C0:21:F1:2B,IN_VESTIBULE,1551368659207,-77,-77
8818,FF:FF:C0:21:F1:2B,IN_VESTIBULE,1551368659207,-77,-77
8822,FF:FF:C0:21:F1:2B,IN_VESTIBULE,1551368659207,-77,-77
8826,FF:FF:C0:21:F1:2B,IN_VESTIBULE,1551368660964,-80,-80
8830,FF:FF:C0:21:F1:2B,IN_VESTIBULE,1551368661348,-73,-73
8834,FF:FF:C0:21:F1:2B,IN_VESTIBULE,1551368662041,-75,-75
8838,FF:FF:C0:21:F1:2B,IN_VESTIBULE,1551368665803,-88,-88
8842,FF:FF:C0:21:F1:2B,IN_VESTIBULE,1551368665803,-88,-88
8846,FF:FF:C0:21:F1:2B,IN_VESTIBULE,1551368665803,-88,-88
8850,FF:FF:C0:21:F1:2B,IN_VESTIBULE,1551368666431,-87,-87
8854,FF:FF:C0:21:F1:2B,IN_VESTIBULE,1551368670038,-91,-91
8858,FF:FF:C0:21:F1:2B,IN_VESTIBULE,1551368670038,-91,-91
8862,FF:FF:C0:21:F1:2B,IN_VESTIBULE,1551368670038,-91,-91
8866,FF:FF:C0:21:F1:2B,IN_VESTIBULE,1551368670038,-91,-91
8870,FF:FF:C0:21:F1:2B,IN_VESTIBULE,1551368671140,-85,-85
8874,FF:FF:C0:21:F1:2B,IN_VESTIBULE,1551368672439,-86,-86
8878,FF:FF:C0:21:F1:2B,IN_VESTIBULE,1551368673279,-84,-84
8882,FF:FF:C0:21:F1:2B,IN_VESTIBULE,1551368675040,-90,-90
8886,FF:FF:C0:21:F1:2B,IN_VESTIBULE,1551368675040,-90,-90
8890,FF:FF:C0:21:F1:2B,IN_VESTIBULE,1551368676645,-89,-89
8894,FF:FF:C0:21:F1:2B,IN_VESTIBULE,1551368677136,-90,-90
8898,FF:FF:C0:21:F1:2B,IN_VESTIBULE,1551368679242,-87,-87
8902,FF:FF:C0:21:F1:2B,IN_VESTIBULE,1551368679242,-87,-87
8906,FF:FF:C0:21:F1:2B,IN_VESTIBULE,1551368682110,-88,-88
8910,FF:FF:C0:21:F1:2B,IN_VESTIBULE,1551368682110,-88,-88
8914,FF:FF:C0:21:F1:2B,IN_VESTIBULE,1551368682110,-88,-88
8918,FF:FF:C0:21:F1:2B,IN_VESTIBULE,1551368683730,-89,-89
8922,FF:FF:C0:21:F1:2B,IN_VESTIBULE,1551368684476,-82,-82
8926,FF:FF:C0:21:F1:2B,IN_VESTIBULE,1551368686083,-86,-86
8930,FF:FF:C0:21:F1:2B,IN_VESTIBULE,1551368686083,-86,-86
8934,FF:FF:C0:21:F1:2B,IN_VESTIBULE,1551368687565,-85,-85
8938,FF:FF:C0:21:F1:2B,IN_VESTIBULE,1551368689443,-86,-86
8942,FF:FF:C0:21:F1:2B,IN_VESTIBULE,1551368689443,-86,-86
8946,FF:FF:C0:21:F1:2B,IN_VESTIBULE,1551368690160,-80,-80
8950,FF:FF:C0:21:F1:2B,IN_VESTIBULE,1551368691416,-82,-82
8954,FF:FF:C0:21:F1:2B,IN_VESTIBULE,1551368692002,-76,-76
8958,FF:FF:C0:21:F1:2B,IN_VESTIBULE,1551368693082,-79,-79
8962,FF:FF:C0:21:F1:2B,IN_VESTIBULE,1551368694202,-92,-92
